# Firm-cell response ratios (main, D7.5 applied) (code 5a392ff)
firm_id,perturbation_type,perturbation_params,R,ci_lo,ci_hi,delta_obs,delta_star,n_base,n_pert,se,size,group
L001,cash,"{""dividend_line"": ""cf_008"", ""dps_delta"": 1456.1673511693464, ""x_mn"": 8486265.1}",-8.664957637337007,-31.150923705348987,13.375707022144658,12617.628410755628,-1456.1673511693464,20,10,11.358834369258583,2%,L
L001,cash,"{""dividend_line"": ""cf_008"", ""dps_delta"": 3640.4183779233663, ""x_mn"": 21215662.75}",-0.2480579917272009,-6.258521818403723,18.470574118713994,903.0348718744644,-3640.4183779233663,20,10,6.308442841101458,5%,L
L001,cash,"{""dividend_line"": ""cf_008"", ""dps_delta"": 7280.836755846733, ""x_mn"": 42431325.5}",-1.0987262528580324,-3.71129089327707,1.2439569825121475,7999.646486422513,-7280.836755846733,20,10,1.2640938458645963,10%,L
L001,non_operating,"{""asset_line"": ""bs_017"", ""equity_line"": ""bs_023"", ""x_mn"": 21215662.75}",3.5951930034066883,-5.577704944023594,5.158816627685437,13088.006681783212,3640.4183779233663,20,10,2.738908564211487,5%,L
L001,non_operating,"{""asset_line"": ""bs_017"", ""equity_line"": ""bs_023"", ""x_mn"": 42431325.5}",1.415253968441885,-2.817917838796195,2.809522135823474,10304.233112289628,7280.836755846733,20,10,1.4355714220968545,10%,L
L001,non_operating,"{""asset_line"": ""bs_017"", ""equity_line"": ""bs_023"", ""x_mn"": 8486265.1}",0.08884163688690934,-13.174464954124717,5.966751171775512,129.36829105915967,1456.1673511693464,20,10,4.882963297423528,2%,L
L001,shares,"{""m"": 2.0}",0.9820659592814731,0.8962636699714839,1.1674881026619957,-80306.36778767138,-81772.88605586879,20,10,0.06918990629859995,m=2,L
L002,cash,"{""dividend_line"": ""cf_006"", ""dps_delta"": 17175.09397861898, ""x_mn"": 12051617.8}",4.6788258993855205,-23.26951167559002,22.43590525406665,-77454.99768003577,-16554.366275994173,20,10,11.659545135116497,10%,L
L002,cash,"{""dividend_line"": ""cf_006"", ""dps_delta"": 3435.0187957237963, ""x_mn"": 2410323.56}",35.17597380185829,-72.56643084441306,97.9110046085366,-116463.1908861475,-3310.8732551988346,20,10,43.48914169718104,2%,L
L002,cash,"{""dividend_line"": ""cf_006"", ""dps_delta"": 8587.54698930949, ""x_mn"": 6025808.9}",-12.56639490758156,-50.88878485545313,6.322042301472526,104014.35203444655,-8277.183137997086,20,10,14.594598764521852,5%,L
L002,non_operating,"{""asset_line"": ""bs_p00"", ""equity_line"": ""bs_028"", ""x_mn"": 12051617.8}",13.364785019312356,-1.1195112910776734,32.539429381543314,221245.5464096166,16554.366275994173,20,10,8.586464457301272,10%,L
L002,non_operating,"{""asset_line"": ""bs_p00"", ""equity_line"": ""bs_028"", ""x_mn"": 2410323.56}",89.60094621439106,3.6631673882675093,170.88114698920887,296657.3764617366,3310.8732551988346,20,10,42.657647857383004,2%,L
L002,non_operating,"{""asset_line"": ""bs_p00"", ""equity_line"": ""bs_028"", ""x_mn"": 6025808.9}",30.095163027314356,0.6137872709204772,93.16874125869045,249103.17594495974,8277.183137997086,20,10,23.610957649941316,5%,L
L002,shares,"{""m"": 2.0}",0.47871630428968187,-0.792332940454777,1.2005063120612,-124245.12610275578,-259538.11263460183,20,10,0.5083773603357085,m=2,L
L003,cash,"{""dividend_line"": ""cf_013"", ""dps_delta"": 11367.9244911437, ""x_mn"": 2308930.14}",271.21051784220595,170.06155828377962,313.5777069967882,-3058277.8429555492,-11276.39837602057,20,10,36.61126242678791,2%,L
L003,cash,"{""dividend_line"": ""cf_013"", ""dps_delta"": 28419.811227859256, ""x_mn"": 5772325.350000001}",52.57409049752418,-30.058566935520563,87.39504058761163,-1482115.9717676006,-28190.99594005143,20,10,29.962654980390866,5%,L
L003,cash,"{""dividend_line"": ""cf_013"", ""dps_delta"": 56839.62245571851, ""x_mn"": 11544650.700000001}",9.590509024299513,-5.608643914307348,55.32929795050742,-540732.0019341083,-56381.99188010286,20,10,15.545393332860911,10%,L
L003,non_operating,"{""asset_line"": ""bs_p00"", ""equity_line"": ""bs_031"", ""x_mn"": 11544650.700000001}",-7.038293546999365,-54.07312481341777,12.566088635059575,-396833.0096166986,56381.99188010286,20,10,16.999799349101366,10%,L
L003,non_operating,"{""asset_line"": ""bs_p00"", ""equity_line"": ""bs_031"", ""x_mn"": 2308930.14}",-255.48143744409728,-298.0340981797404,-168.96809572484798,-2880910.4662980195,11276.39837602057,20,10,32.925000626248064,2%,L
L003,non_operating,"{""asset_line"": ""bs_p00"", ""equity_line"": ""bs_031"", ""x_mn"": 5772325.350000001}",-43.26520766363369,-102.54420368579275,-20.19869765902676,-1219689.2935909794,28190.99594005143,20,10,21.00650663948112,5%,L
L003,shares,"{""m"": 2.0}",1.1160666477292072,0.7403616387322977,1.608564403669585,-1709646.960562374,-1531850.2385506174,20,10,0.22148029717787943,m=2,L
L004,cash,"{""dividend_line"": ""cf_p00"", ""dps_delta"": 1727.824700854701, ""x_mn"": 404310.98}",15.849053345533765,-8.63908466257079,26.65783812852416,-27384.385855577075,-1727.824700854701,10,10,9.004317038544631,2%,L
L004,cash,"{""dividend_line"": ""cf_p00"", ""dps_delta"": 4319.561752136753, ""x_mn"": 1010777.4500000001}",5.116965830810495,-9.830997929988518,7.982869414050576,-22103.049889759677,-4319.561752136753,10,10,4.544353914295688,5%,L
L004,cash,"{""dividend_line"": ""cf_p00"", ""dps_delta"": 8639.123504273506, ""x_mn"": 2021554.9000000001}",4.627220186049326,-4.319029616211216,6.75101546166704,-39975.12666874756,-8639.123504273506,10,9,2.8239910912954733,10%,L
L004,non_operating,"{""asset_line"": ""bs_p00"", ""equity_line"": ""bs_023"", ""x_mn"": 1010777.4500000001}",-6.318573329969532,-16.635389896478486,4.076606607468326,-27293.467684207753,4319.561752136753,10,10,5.283672577537453,5%,L
L004,non_operating,"{""asset_line"": ""bs_p00"", ""equity_line"": ""bs_023"", ""x_mn"": 2021554.9000000001}",0.1882155138754769,-3.01457283806486,7.165423421509691,1626.0170697905487,8639.123504273506,10,10,2.5969378213200387,10%,L
L004,non_operating,"{""asset_line"": ""bs_p00"", ""equity_line"": ""bs_023"", ""x_mn"": 404310.98}",-7.666084550984,-31.611894685561253,25.86407751432556,-13245.650246030775,1727.824700854701,10,10,14.662237806093575,2%,L
L004,shares,"{""m"": 2.0}",1.4234807046014843,-0.29981703748253746,2.1780551585819445,-35136.13507448938,-24683.253493292726,10,10,0.6321102540980822,m=2,L
L005,non_operating,"{""asset_line"": ""bs_p00"", ""equity_line"": ""bs_026"", ""x_mn"": 149022.2129597}",40.23452444526262,4.148072692494172,127.15444630167755,129525.052751977,3219.251489555702,20,10,31.37917694111821,2%,L
L005,non_operating,"{""asset_line"": ""bs_p00"", ""equity_line"": ""bs_026"", ""x_mn"": 372555.53239925}",6.220259554018839,-6.131083988028764,17.35372888446314,50061.449586745584,8048.128723889255,20,10,5.99102369196222,5%,L
L005,non_operating,"{""asset_line"": ""bs_p00"", ""equity_line"": ""bs_026"", ""x_mn"": 745111.0647985}",0.4055693894330858,-3.385557113458108,8.315734649956676,6528.14930525329,16096.25744777851,20,10,2.9850234090343837,10%,L
L005,shares,"{""m"": 2.0}",1.0183160119278438,0.8755555984098723,1.2030656113022913,-357955.21280295774,-351516.8264174578,20,10,0.0835484726766375,m=2,L
L006,cash,"{""dividend_line"": ""cf_018"", ""dps_delta"": 18824.363302785674, ""x_mn"": 968490.6768}",68.1316089178182,41.03191314871105,92.06290102196762,-1282534.158672322,-18824.363302785674,20,10,13.018109151340962,10%,L
L006,cash,"{""dividend_line"": ""cf_018"", ""dps_delta"": 3764.872660557135, ""x_mn"": 193698.13536}",205.1578597978859,110.21659854472453,316.54088330789483,-772393.2174514744,-3764.872660557135,20,10,52.63374611305365,2%,L
L006,cash,"{""dividend_line"": ""cf_018"", ""dps_delta"": 9412.181651392837, ""x_mn"": 484245.3384}",102.48546968624639,43.99480319847351,162.7942494138429,-964611.8573152651,-9412.181651392837,20,10,30.30598117739015,5%,L
L006,non_operating,"{""asset_line"": ""bs_p00"", ""equity_line"": ""bs_024"", ""x_mn"": 193698.13536}",-130.46715284970966,-275.2617466921253,-74.21649096921588,-491192.2168646008,3764.872660557135,20,10,51.28705503135444,2%,L
L006,non_operating,"{""asset_line"": ""bs_p00"", ""equity_line"": ""bs_024"", ""x_mn"": 484245.3384}",-99.9956433662123,-152.575996702268,-60.86906834414315,-941177.1597106854,9412.181651392837,20,9,23.394624581154293,5%,L
L006,non_operating,"{""asset_line"": ""bs_p00"", ""equity_line"": ""bs_024"", ""x_mn"": 968490.6768}",-43.94984536438787,-76.65744422512897,-27.449083919030745,-827327.8562404881,18824.363302785674,20,10,12.553153139310773,10%,L
L006,shares,"{""m"": 2.0}",1.299541023253481,0.8308314138156843,1.8184370388456064,-1040477.6809144355,-800650.1236179029,20,10,0.25194021046681686,m=2,L
L007,cash,"{""dividend_line"": ""cf_016"", ""dps_delta"": 1215.6387870885744, ""x_mn"": 778574.3}",3.4739038898232217,2.359110684606053,8.62852682658942,-4222.379559197292,-1215.4566427605337,20,10,1.5993408525467774,10%,L
L007,cash,"{""dividend_line"": ""cf_016"", ""dps_delta"": 243.12775741771486, ""x_mn"": 155714.86000000002}",-2.534527598031985,-6.527630305879359,2.5565757714730553,616.1216810575752,-243.09132855210672,20,10,2.317399509528677,2%,L
L007,cash,"{""dividend_line"": ""cf_016"", ""dps_delta"": 607.8193935442872, ""x_mn"": 389287.15}",3.534901728004019,0.609566862062442,7.952429064662693,-2148.259893404087,-607.7283213802668,20,10,1.8731791333163907,5%,L
L007,non_operating,"{""asset_line"": ""bs_p00"", ""equity_line"": ""bs_034"", ""x_mn"": 155714.86000000002}",-28.44988962789083,-32.13812526568435,-7.470200844413282,-6915.9214668047825,243.09132855210672,20,35,6.292837862569151,2%,L
L007,non_operating,"{""asset_line"": ""bs_p00"", ""equity_line"": ""bs_034"", ""x_mn"": 3405507.7123240177}",0.3834077219478989,0.12060460036375198,0.6848169177603337,2038.365833163025,5316.444391905121,20,35,0.14393171362157697,rule,L
L007,non_operating,"{""asset_line"": ""bs_p00"", ""equity_line"": ""bs_034"", ""x_mn"": 389287.15}",-6.082388978539063,-11.142055915102993,-0.5519137264385793,-3696.4400439093806,607.7283213802668,20,35,2.701566884863371,5%,L
L007,non_operating,"{""asset_line"": ""bs_p00"", ""equity_line"": ""bs_034"", ""x_mn"": 778574.3}",-5.9272059146120455,-7.5250622478266225,-2.8301792386103704,-7204.261801924735,1215.4566427605337,20,35,1.1976742370449622,10%,L
L007,shares,"{""m"": 2.0}",1.0376741704584003,0.9703906255277318,1.1227196133831872,-14455.971714041105,-13931.12802225295,20,10,0.038859435677412076,m=2,L
L008,cash,"{""dividend_line"": ""cf_007"", ""dps_delta"": 15745.613724144627, ""x_mn"": 6118788.4}",0.18976798830565006,-5.891319926786977,2.449462855659969,-2988.0134410687606,-15745.613724144627,20,10,2.127750709807895,10%,L
L008,cash,"{""dividend_line"": ""cf_007"", ""dps_delta"": 3149.122744828925, ""x_mn"": 1223757.68}",10.426742763420519,-1.2853628503707197,23.536948672265712,-32835.09279076796,-3149.122744828925,20,10,6.332222327203172,2%,L
L008,cash,"{""dividend_line"": ""cf_007"", ""dps_delta"": 7872.806862072313, ""x_mn"": 3059394.2}",6.759417901132787,2.5375847077940015,10.734868468149841,-53215.59163565264,-7872.806862072313,20,10,2.091143816417306,5%,L
L008,non_operating,"{""asset_line"": ""bs_p00"", ""equity_line"": ""bs_026"", ""x_mn"": 1223757.68}",-5.243780786866118,-16.488802085085972,-0.5767416555888527,-16513.30934481701,3149.122744828925,20,25,4.0591990891574286,2%,L
L008,non_operating,"{""asset_line"": ""bs_p00"", ""equity_line"": ""bs_026"", ""x_mn"": 26328140.12122577}",0.19805612299140998,-0.24813603720625602,0.719078545156016,13418.458035734482,67750.78615628794,20,25,0.24673841386792653,rule,L
L008,non_operating,"{""asset_line"": ""bs_p00"", ""equity_line"": ""bs_026"", ""x_mn"": 3059394.2}",-2.8281758953317238,-7.676563891192,1.0946379344763932,-22265.682595915103,7872.806862072313,20,25,2.237551486139896,5%,L
L008,non_operating,"{""asset_line"": ""bs_p00"", ""equity_line"": ""bs_026"", ""x_mn"": 6118788.4}",-0.9042055164543346,-3.303082261382438,0.8461069651538174,-14237.27078933065,15745.613724144627,20,25,1.0584666394225142,10%,L
L008,shares,"{""m"": 2.0}",0.8412474433944069,0.7325046237716338,1.091350956318011,-153138.31887772388,-182037.18784548764,20,10,0.091542431772035,m=2,L
L009,cash,"{""dividend_line"": ""cf_013"", ""dps_delta"": 1574.331326226325, ""x_mn"": 344169.4894374}",-5.708646097560531,-11.010060753195356,11.196881398642548,8506.813169701476,-1490.1629956245986,10,10,5.665036263223955,2%,L
L009,cash,"{""dividend_line"": ""cf_013"", ""dps_delta"": 3935.8283155658128, ""x_mn"": 860423.7235935001}",4.6782351974246525,1.2474299722509394,6.217627288915409,-17428.33244007689,-3725.4074890614966,10,10,1.2679074787409361,5%,L
L009,non_operating,"{""asset_line"": ""bs_p00"", ""equity_line"": ""bs_023"", ""x_mn"": 1720847.4471870002}",0.6435087556883061,-0.4162539343376034,3.224738010392872,4794.664675435721,7450.814978122993,10,10,0.9288244756965498,10%,L
L009,non_operating,"{""asset_line"": ""bs_p00"", ""equity_line"": ""bs_023"", ""x_mn"": 344169.4894374}",-2.1670252841167414,-7.496246706414341,5.225679441390698,-3229.2208889736503,1490.1629956245986,10,10,3.2453893234196527,2%,L
L009,non_operating,"{""asset_line"": ""bs_p00"", ""equity_line"": ""bs_023"", ""x_mn"": 4211111.305182127}",1.098865723687792,0.20624722865144401,1.8212508640818925,20035.618537341696,18232.99981557545,10,9,0.411990723324094,rule,L
L009,non_operating,"{""asset_line"": ""bs_p00"", ""equity_line"": ""bs_023"", ""x_mn"": 860423.7235935001}",1.3261657653623429,-1.519731675699776,5.626670615943091,4940.507874017843,3725.4074890614966,10,10,1.8230618090925683,5%,L
L009,shares,"{""m"": 2.0}",0.9691905925900074,0.7622981171564737,1.110644521859596,-44725.728908614205,-46147.50622897796,10,10,0.0888638787507965,m=2,L
L010,cash,"{""dividend_line"": ""cf_008"", ""dps_delta"": 1780.4961408911195, ""x_mn"": 186832.39916}",-86.73028724439718,-109.51479280406663,-25.21010316754582,154381.0835449631,-1780.013516038899,20,10,21.50629837666347,2%,L
L010,cash,"{""dividend_line"": ""cf_008"", ""dps_delta"": 4451.240352227799, ""x_mn"": 467080.9979000001}",-37.138184031716406,-40.8066333086326,-12.737287850772303,165266.17384398804,-4450.033790097248,20,10,7.160547310678647,5%,L
L010,cash,"{""dividend_line"": ""cf_008"", ""dps_delta"": 8902.480704455598, ""x_mn"": 934161.9958000001}",-13.956727169666737,-16.894975518547245,-2.4352549395397465,124215.81500837061,-8900.067580194496,20,10,3.6887042293386476,10%,L
L010,non_operating,"{""asset_line"": ""bs_p00"", ""equity_line"": ""bs_027"", ""x_mn"": 186832.39916}",83.77157616337902,25.049697218138938,104.90887649513841,149114.53783069673,1780.013516038899,20,10,20.372239611479458,2%,L
L010,non_operating,"{""asset_line"": ""bs_p00"", ""equity_line"": ""bs_027"", ""x_mn"": 467080.9979000001}",32.840814399246675,0.42100803942727033,51.40590837793768,146142.73377095995,4450.033790097248,20,10,13.006352127171022,5%,L
L010,non_operating,"{""asset_line"": ""bs_p00"", ""equity_line"": ""bs_027"", ""x_mn"": 934161.9958000001}",15.868587250637473,3.4042552628592544,21.725679005490388,141231.4989328863,8900.067580194496,20,10,4.673832587405902,10%,L
L010,shares,"{""m"": 2.0}",0.11389773652829177,-0.09061357352347806,1.4304724739960986,-8892.420676352747,-78073.72602302683,20,10,0.38803215497948385,m=2,L
L011,cash,"{""dividend_line"": ""cf_017"", ""dps_delta"": 15388.985932435535, ""x_mn"": 2495594.6227061}",4.392113581652432,1.0133057923869608,9.709554173323056,-64484.98586185067,-14681.994138591852,20,10,2.2184307094224733,5%,L
L011,cash,"{""dividend_line"": ""cf_017"", ""dps_delta"": 6155.594372974214, ""x_mn"": 998237.84908244}",2.8748679939685657,-4.413289911868585,13.510350251209122,-16883.51801466872,-5872.7976554367415,20,10,4.572357184458599,2%,L
L011,non_operating,"{""asset_line"": ""bs_016"", ""equity_line"": ""bs_024"", ""x_mn"": 19203851.519405033}",1.0273266027235015,0.7539825544711856,1.169272564838359,116066.76472158963,112979.42096884282,20,15,0.10594132917529936,rule,L
L011,non_operating,"{""asset_line"": ""bs_016"", ""equity_line"": ""bs_024"", ""x_mn"": 2495594.6227061}",0.42123227995669166,-1.5506509613063395,2.1981878791122345,6184.529865309829,14681.994138591852,20,15,0.9563364388822893,5%,L
L011,non_operating,"{""asset_line"": ""bs_016"", ""equity_line"": ""bs_024"", ""x_mn"": 4991189.2454122}",0.7898880712293143,-0.535122355168361,2.1996186271581197,23194.26406386483,29363.988277183704,20,15,0.6976380056955309,10%,L
L011,non_operating,"{""asset_line"": ""bs_016"", ""equity_line"": ""bs_024"", ""x_mn"": 998237.84908244}",1.9067043855370838,-4.212369735343148,5.348888969136673,11197.689044993138,5872.7976554367415,20,15,2.4390966082856687,2%,L
L011,shares,"{""m"": 2.0}",0.9856209418679629,0.9506712809403384,1.0981923951376968,-288919.9453620403,-293134.9498464137,20,10,0.03763293729524451,m=2,L
L012,cash,"{""dividend_line"": ""cf_p00"", ""dps_delta"": 1006.9040784077107, ""x_mn"": 308512.57720295}",0.7769927839504284,-3.7419831773601566,6.498486022983316,-782.3158221492158,-1006.8508206366135,20,10,2.612364591924355,5%,L
L012,cash,"{""dividend_line"": ""cf_p00"", ""dps_delta"": 2013.8081568154214, ""x_mn"": 617025.1544059}",3.5054668340249,0.5852262473585061,4.516066296684821,-7058.964317104805,-2013.701641273227,20,10,1.0027653187056926,10%,L
L012,cash,"{""dividend_line"": ""cf_p00"", ""dps_delta"": 402.7616313630843, ""x_mn"": 123405.03088118}",0.33645104758743377,-9.572797364387418,16.403324083723373,-135.5024053469824,-402.7403282546455,20,10,6.626561593905813,2%,L
L012,non_operating,"{""asset_line"": ""bs_p00"", ""equity_line"": ""bs_028"", ""x_mn"": 123405.03088118}",-6.592999090910309,-16.316400524983063,3.890114163686996,-2655.266618055797,402.7403282546455,20,10,5.154723134864811,2%,L
L012,non_operating,"{""asset_line"": ""bs_p00"", ""equity_line"": ""bs_028"", ""x_mn"": 308512.57720295}",-5.629053742334293,-6.269311314047812,-1.5006213720562442,-5667.617379876883,1006.8508206366135,20,10,1.2165025362223387,5%,L
L012,non_operating,"{""asset_line"": ""bs_p00"", ""equity_line"": ""bs_028"", ""x_mn"": 617025.1544059}",-0.8584054401925605,-2.5235804908491493,1.6426783392681363,-1728.572443793626,2013.701641273227,20,10,1.0628211301319608,10%,L
L012,shares,"{""m"": 2.0}",0.7403426122871584,0.33794370834533394,0.843806121158098,-7947.737405617205,-10735.215390431285,20,10,0.12904653388080717,m=2,L
L013,cash,"{""dividend_line"": ""cf_009"", ""dps_delta"": 11026.98782036127, ""x_mn"": 983351.3}",7.782865300180988,-3.03844128379541,21.473058268596937,-84349.97062364977,-10837.907039414937,20,10,6.252933559283762,2%,L
L013,cash,"{""dividend_line"": ""cf_009"", ""dps_delta"": 27567.469550903177, ""x_mn"": 2458378.25}",-0.9008744558479276,-8.252618973420583,2.154085950860821,24408.98401665839,-27094.767598537343,20,10,2.6547716643575012,5%,L
L013,cash,"{""dividend_line"": ""cf_009"", ""dps_delta"": 55134.939101806354, ""x_mn"": 4916756.5}",1.5080825318351063,-0.23800763010317777,3.402701859671483,-81722.291438972,-54189.535197074685,20,10,0.9287524208608828,10%,L
L013,non_operating,"{""asset_line"": ""bs_p00"", ""equity_line"": ""bs_020"", ""x_mn"": 2458378.25}",4.548171767373756,2.6903265864254764,7.616802027790505,123231.65703522076,27094.767598537343,20,10,1.2567539391237317,5%,L
L013,non_operating,"{""asset_line"": ""bs_p00"", ""equity_line"": ""bs_020"", ""x_mn"": 4916756.5}",0.5957162430935901,-1.0802753627519268,2.9025353463028245,32281.586322589195,54189.535197074685,20,10,1.0160231400649877,10%,L
L013,non_operating,"{""asset_line"": ""bs_p00"", ""equity_line"": ""bs_020"", ""x_mn"": 983351.3}",7.183242952553532,-2.3235315911036154,14.705859776918922,77851.31936130766,10837.907039414937,20,10,4.344232491842484,2%,L
L013,shares,"{""m"": 2.0}",1.060644650614074,0.8029602381647418,1.211052288860488,-363606.6557828967,-342816.65925753914,20,10,0.10410511497340463,m=2,L
L014,cash,"{""dividend_line"": ""cf_011"", ""dps_delta"": 13878.139134487668, ""x_mn"": 1072143.68975705}",15.29894075074224,-3.1426368876414372,32.03777284495426,-203543.52432595874,-13304.419413225303,20,10,8.974594319539719,5%,L
L014,cash,"{""dividend_line"": ""cf_011"", ""dps_delta"": 5551.255653795068, ""x_mn"": 428857.47590282}",4.770825268870581,-25.813615725003164,52.09778911633889,-25389.224129707036,-5321.767765290121,20,10,19.87535837789338,2%,L
L014,non_operating,"{""asset_line"": ""bs_p00"", ""equity_line"": ""bs_023"", ""x_mn"": 1072143.68975705}",4.419436919484914,-1.1604463798463305,16.677277827389172,58798.04234711973,13304.419413225303,20,10,4.550439848784567,5%,L
L014,non_operating,"{""asset_line"": ""bs_p00"", ""equity_line"": ""bs_023"", ""x_mn"": 2144287.3795141}",-2.703414195839989,-8.172104031970013,4.017310543426016,-71934.71261824484,26608.838826450607,20,10,3.109544534539803,10%,L
L014,non_operating,"{""asset_line"": ""bs_p00"", ""equity_line"": ""bs_023"", ""x_mn"": 428857.47590282}",-53.99069430450547,-71.45173335123609,-8.76461282665061,-287325.9365753501,5321.767765290121,20,10,15.991612378720784,2%,L
L014,shares,"{""m"": 2.0}",0.09465750063594315,-5.928131899107685,2.717139257278648,-2929.457123728571,-30947.966131024208,20,10,2.2054263154046767,m=2,L
L015,cash,"{""dividend_line"": ""cf_009"", ""dps_delta"": 13125.982140123951, ""x_mn"": 954176.1553956}",-2.8552490659327847,-6.833944297569721,0.05944326537930146,36474.43790207707,-12774.520561890524,20,10,1.758517235446179,10%,L
L015,cash,"{""dividend_line"": ""cf_009"", ""dps_delta"": 2625.1964280247907, ""x_mn"": 190835.23107912}",-6.226934220594544,-24.333560741606014,2.877629673956558,15909.219847704953,-2554.9041123781053,20,10,6.941630208051677,2%,L
L015,cash,"{""dividend_line"": ""cf_009"", ""dps_delta"": 6562.991070061976, ""x_mn"": 477088.0776978}",-0.5533958929731845,-12.583723215867536,3.2132387185144693,3534.6836068258563,-6387.260280945262,20,10,4.029837228158675,5%,L
L015,non_operating,"{""asset_line"": ""bs_p00"", ""equity_line"": ""bs_026"", ""x_mn"": 190835.23107912}",7.4404010622230965,-4.583168398409009,31.881010524410556,19009.51127161621,2554.9041123781053,20,10,9.30208645990295,2%,L
L015,non_operating,"{""asset_line"": ""bs_p00"", ""equity_line"": ""bs_026"", ""x_mn"": 477088.0776978}",-1.107194530921891,-7.413544549616355,6.717075240607477,-7071.939650637214,6387.260280945262,20,10,3.6047499464856716,5%,L
L015,non_operating,"{""asset_line"": ""bs_p00"", ""equity_line"": ""bs_026"", ""x_mn"": 954176.1553956}",3.906770106480635,1.050111814470112,9.962336310611857,49907.1150558161,12774.520561890524,20,10,2.2735266571790165,10%,L
L015,shares,"{""m"": 2.0}",0.9749545990567924,0.31691537880003084,1.7800258309349386,-67815.37026009348,-69557.4648560052,20,10,0.3732424622793132,m=2,L
L016,cash,"{""dividend_line"": ""cf_019"", ""dps_delta"": 18439.629699571622, ""x_mn"": 2758195.6984245}",1.7501641971707582,0.8923067031134553,3.847457423556905,-32272.379709276836,-18439.629699571622,10,25,0.7538649797049616,10%,L
L016,cash,"{""dividend_line"": ""cf_019"", ""dps_delta"": 3687.9259399143234, ""x_mn"": 551639.1396849}",4.184665863777696,-0.5306003193366764,15.67853243743364,-15432.737788899743,-3687.9259399143234,10,25,4.134982846114877,2%,L
L016,cash,"{""dividend_line"": ""cf_019"", ""dps_delta"": 37076.6696455575, ""x_mn"": 5545919.97748516}",0.7940253401809895,0.342478946007668,1.7303853615714433,-29439.81522809196,-37076.6696455575,10,25,0.3540577590723917,rule,L
L016,cash,"{""dividend_line"": ""cf_019"", ""dps_delta"": 9219.814849785811, ""x_mn"": 1379097.84921225}",-1.377524901180434,-3.150680978433193,2.415869739538115,12700.524539853097,-9219.814849785811,10,25,1.4200384484620685,5%,L
L016,non_operating,"{""asset_line"": ""bs_017"", ""equity_line"": ""bs_025"", ""x_mn"": 1379097.84921225}",-2.832664989204741,-7.524586643907366,0.8330154131313224,-26116.646731938235,9219.814849785811,10,10,2.132041341081298,5%,L
L016,non_operating,"{""asset_line"": ""bs_017"", ""equity_line"": ""bs_025"", ""x_mn"": 2758195.6984245}",0.5166233637734574,-2.607228072135205,2.2800804706214164,9526.343522129639,18439.629699571622,10,10,1.2467623833562809,10%,L
L016,non_operating,"{""asset_line"": ""bs_017"", ""equity_line"": ""bs_025"", ""x_mn"": 551639.1396849}",-25.86720375482058,-40.53284837568238,-0.6414111305857062,-95396.331720452,3687.9259399143234,10,10,10.176387052320578,2%,L
L016,non_operating,"{""asset_line"": ""bs_017"", ""equity_line"": ""bs_025"", ""x_mn"": 8768869.42494142}",0.9010910839383501,0.2592297000937143,1.5073506422780458,52824.988868878456,58623.36206679477,10,10,0.3183981995368193,rule,L
L016,shares,"{""m"": 2.0}",0.9330693957587477,0.8796803244513812,1.1567128283959232,-166422.68035467237,-178360.45326440246,10,10,0.07067155712870968,m=2,L
L017,cash,"{""dividend_line"": ""cf_009"", ""dps_delta"": 1127.3238288054156, ""x_mn"": 40575.43288234}",-24.94615330628799,-100.07767064855986,76.55423806619544,28079.928381322185,-1125.6215752608355,20,10,45.05916038641717,2%,L
L017,cash,"{""dividend_line"": ""cf_009"", ""dps_delta"": 2818.3095720135393, ""x_mn"": 101438.58220585}",-10.70127198571268,-39.425994251724156,15.622119797286267,30113.95657463139,-2814.053938152089,20,9,14.042886236992455,5%,L
L017,cash,"{""dividend_line"": ""cf_009"", ""dps_delta"": 5636.619144027079, ""x_mn"": 202877.1644117}",-2.150462545773753,-13.050222768903092,10.470567984506504,12103.035191566392,-5628.107876304178,20,9,6.000201722808571,10%,L
L017,non_operating,"{""asset_line"": ""bs_p00"", ""equity_line"": ""bs_027"", ""x_mn"": 101438.58220585}",-26.39800400950238,-227.35662297935133,41.984319074442716,-74285.4071422948,2814.053938152089,20,3,68.7094239933148,5%,L
L017,non_operating,"{""asset_line"": ""bs_p00"", ""equity_line"": ""bs_027"", ""x_mn"": 202877.1644117}",-9.947598525666166,-26.337998546598048,3.9972298048662243,-55986.15761261358,5628.107876304178,20,10,7.738578661087825,10%,L
L017,non_operating,"{""asset_line"": ""bs_p00"", ""equity_line"": ""bs_027"", ""x_mn"": 40575.43288234}",18.193014361860932,-62.17689671237812,68.61761221694535,20478.449484740908,1125.6215752608355,20,10,33.36594615543966,2%,L
L017,shares,"{""m"": 2.0}",0.9174774038774384,0.5546215102781572,1.2774020236567711,-153154.45477759745,-166929.947408336,20,10,0.18438278402515662,m=2,L
L018,cash,"{""dividend_line"": ""cf_018"", ""dps_delta"": 10545.118325454248, ""x_mn"": 215049.04447844}",-4.787168146288078,-72.87393626107642,49.335373739563785,49321.0110941513,-10302.753023704487,20,10,31.175844387918424,2%,L
L018,cash,"{""dividend_line"": ""cf_018"", ""dps_delta"": 26362.795813635625, ""x_mn"": 537622.6111961}",6.845321930877266,-2.4396864722229754,15.78515494242251,-176314.15305394097,-25756.882559261216,20,10,4.6491942384299705,5%,L
L018,cash,"{""dividend_line"": ""cf_018"", ""dps_delta"": 52725.59162727125, ""x_mn"": 1075245.2223922}",13.79494731089195,5.121107049361337,20.30404659105326,-710629.6755956805,-51513.76511852243,20,10,3.8731988626765115,10%,L
L018,non_operating,"{""asset_line"": ""bs_p00"", ""equity_line"": ""bs_027"", ""x_mn"": 1075245.2223922}",-6.188669031598203,-16.55438725249852,0.09665487009313246,-318801.64289002353,51513.76511852243,20,10,4.247714827191748,10%,L
L018,non_operating,"{""asset_line"": ""bs_p00"", ""equity_line"": ""bs_027"", ""x_mn"": 215049.04447844}",-22.542797475404008,-56.29867717103638,8.598287947512954,-232252.87485247653,10302.753023704487,20,10,16.55534824452789,2%,L
L018,non_operating,"{""asset_line"": ""bs_p00"", ""equity_line"": ""bs_027"", ""x_mn"": 537622.6111961}",-8.17765226850842,-62.38415094164335,0.8918864685432444,-210630.8290904474,25756.882559261216,20,10,16.141846278108822,5%,L
L018,shares,"{""m"": 2.0}",1.2617783194747156,0.6977506205205332,1.6710342785247272,-623143.9422375857,-493861.66541283054,20,10,0.2482866474500495,m=2,L
L019,cash,"{""dividend_line"": ""cf_013"", ""dps_delta"": 1500.7052178092513, ""x_mn"": 963398.84}",-12.260936044720983,-55.665345944715845,18.32738675498667,18400.050697538303,-1500.7052178092513,20,10,18.87569711727105,2%,L
L019,non_operating,"{""asset_line"": ""bs_p00"", ""equity_line"": ""bs_026"", ""x_mn"": 2408497.1}",24.908456955239114,10.27213806217584,38.89967158765862,93450.6283007612,3751.7630445231284,20,10,7.302942225888463,5%,L
L019,non_operating,"{""asset_line"": ""bs_p00"", ""equity_line"": ""bs_026"", ""x_mn"": 4816994.2}",12.065137728449661,5.742681715896103,19.493079995856114,90531.07571335832,7503.526089046257,20,10,3.5077546632551044,10%,L
L019,non_operating,"{""asset_line"": ""bs_p00"", ""equity_line"": ""bs_026"", ""x_mn"": 963398.84}",7.545595829819098,-26.19649814582396,43.70828177200181,11323.715033289249,1500.7052178092513,20,10,17.832852019853515,2%,L
L019,shares,"{""m"": 2.0}",1.0278665108291407,0.5591717725653652,1.4059590707719967,-109087.72000773643,-106130.2405112309,20,10,0.21601716790985498,m=2,L
L021,cash,"{""dividend_line"": ""cf_009"", ""dps_delta"": 145.5573371387866, ""x_mn"": 13806.55039074}",18.809273275474073,13.911046788408122,41.546580509049406,-2724.637342239839,-144.8560665973506,20,25,7.049881051184001,2%,L
L021,cash,"{""dividend_line"": ""cf_009"", ""dps_delta"": 2871.9039367354844, ""x_mn"": 272408.7098549788}",1.3124328797021085,0.9476947593258068,1.8313211966591205,-3751.0218789505016,-2858.0675910846544,20,25,0.2254149074829882,rule,L
L021,cash,"{""dividend_line"": ""cf_009"", ""dps_delta"": 363.8933428469665, ""x_mn"": 34516.37597685}",7.081963455111816,2.3671671396364298,9.494378497119488,-2564.663424734201,-362.1401664933765,20,25,1.8181661626232293,5%,L
L021,cash,"{""dividend_line"": ""cf_009"", ""dps_delta"": 727.786685693933, ""x_mn"": 69032.7519537}",4.184829050746728,3.125507280543833,5.3173216495688616,-3030.989378367478,-724.280332986753,20,25,0.5591363186288338,10%,L
L021,non_operating,"{""asset_line"": ""bs_p00"", ""equity_line"": ""bs_022"", ""x_mn"": 13806.55039074}",-19.29017095737821,-29.894596786934272,-3.02801327023515,-2794.2982888762563,144.8560665973506,20,10,6.853720284872225,2%,L
L021,non_operating,"{""asset_line"": ""bs_p00"", ""equity_line"": ""bs_022"", ""x_mn"": 34516.37597685}",-3.239798269052789,-12.701072886177064,3.5162677338848995,-1173.26108455973,362.1401664933765,20,10,4.137076688791318,5%,L
L021,non_operating,"{""asset_line"": ""bs_p00"", ""equity_line"": ""bs_022"", ""x_mn"": 430715.9888048447}",0.5317602200527253,0.17830467009884035,0.7808632264198128,2403.02531037046,4519.001647269129,20,10,0.1537139174288195,rule,L
L021,non_operating,"{""asset_line"": ""bs_p00"", ""equity_line"": ""bs_022"", ""x_mn"": 69032.7519537}",-3.139426156175421,-6.360605475337871,-0.03706116324201433,-2273.824621782056,724.280332986753,20,10,1.6131490592081268,10%,L
L021,shares,"{""m"": 2.0}",1.140397102704197,1.041947264085655,1.2425635591304776,-15780.348129780137,-13837.59051330503,20,10,0.051177626286944514,m=2,L
L022,cash,"{""dividend_line"": ""cf_009"", ""dps_delta"": 12627.760829586005, ""x_mn"": 117586.43825505002}",18.919203555814292,-32.974702024679466,51.93886890784913,-238579.0454132983,-12610.416961235012,20,10,21.661625237889947,5%,L
L022,cash,"{""dividend_line"": ""cf_009"", ""dps_delta"": 5051.104331834402, ""x_mn"": 47034.575302020006}",-15.402415672193284,-113.129994882098,98.18091608599796,77692.35353464726,-5044.166784494005,20,10,53.90584463471836,2%,L
L022,non_operating,"{""asset_line"": ""bs_p00"", ""equity_line"": ""bs_021"", ""x_mn"": 117586.43825505002}",-13.780895982299485,-53.667472921747105,16.830242711103732,-173782.84443620488,12610.416961235012,20,10,17.984111130829298,5%,L
L022,non_operating,"{""asset_line"": ""bs_p00"", ""equity_line"": ""bs_021"", ""x_mn"": 235172.87651010003}",6.5141855968268505,-17.821469402155603,23.74650408366329,164293.19307771628,25220.833922470025,20,10,10.60407486883135,10%,L
L022,non_operating,"{""asset_line"": ""bs_p00"", ""equity_line"": ""bs_021"", ""x_mn"": 47034.575302020006}",14.240781475196885,-58.179506691906035,112.2983273308908,71832.87690242566,5044.166784494005,20,10,43.48924337316246,2%,L
L022,shares,"{""m"": 2.0}",1.105689422045265,0.3497844213181184,1.6263051330195246,-671181.8373831053,-607025.6475291017,20,10,0.32564303869933836,m=2,L
L023,cash,"{""dividend_line"": ""cf_012"", ""dps_delta"": 1296.6319431768186, ""x_mn"": 242461.4353714}",4.884885549156203,-0.698742248082947,9.192891079229508,-6269.321365809745,-1283.4121296644676,20,10,2.5233758488041977,5%,L
L023,cash,"{""dividend_line"": ""cf_012"", ""dps_delta"": 518.6527772707274, ""x_mn"": 96984.57414856}",-6.458148019757961,-14.479779364571748,3.815549455170287,3315.3862014903716,-513.364851865787,20,10,4.667175719321948,2%,L
L023,non_operating,"{""asset_line"": ""bs_013"", ""equity_line"": ""bs_022"", ""x_mn"": 1877340.237397711}",0.7201894113314952,-0.05458546757841863,1.3235662553029677,7156.706188798795,9937.255500004349,20,15,0.3515693170615781,rule,L
L023,non_operating,"{""asset_line"": ""bs_013"", ""equity_line"": ""bs_022"", ""x_mn"": 242461.4353714}",-21.538998487561052,-27.094238216160058,-16.584338971719752,-27643.411919760478,1283.4121296644676,20,15,2.6810967460306903,5%,L
L023,non_operating,"{""asset_line"": ""bs_013"", ""equity_line"": ""bs_022"", ""x_mn"": 484922.8707428}",0.4414535024430296,-1.6794896748503052,1.8335399476340863,1133.1335594364937,2566.824259328935,20,15,0.8961810261439774,10%,L
L023,non_operating,"{""asset_line"": ""bs_013"", ""equity_line"": ""bs_022"", ""x_mn"": 96984.57414856}",4.1545367353251565,-9.637150937499545,11.8780022713642,2132.7931357011694,513.364851865787,20,15,5.488559492057077,2%,L
L023,shares,"{""m"": 2.0}",1.0458231132292293,0.8732839431341123,1.1841796364179196,-29006.869498734042,-27735.923151639276,20,10,0.07931012583770594,m=2,L
L024,cash,"{""dividend_line"": ""cf_017"", ""dps_delta"": 1391.9780607065773, ""x_mn"": 41395.327030520006}",-13.850234534703448,-33.12723321104089,24.513811413209698,19279.22260794777,-1391.9780607065773,20,10,14.704348118431271,2%,L
L024,cash,"{""dividend_line"": ""cf_017"", ""dps_delta"": 3479.945151766443, ""x_mn"": 103488.3175763}",-4.048518666640418,-9.601521372354902,11.084601711999463,14088.622905811266,-3479.945151766443,20,10,5.2770722153965215,5%,L
L024,cash,"{""dividend_line"": ""cf_017"", ""dps_delta"": 6959.890303532886, ""x_mn"": 206976.6351526}",-0.9743821628137969,-7.011397204294553,5.013727341042968,6781.592966903147,-6959.890303532886,20,10,3.0676338125861027,10%,L
L024,non_operating,"{""asset_line"": ""bs_019"", ""equity_line"": ""bs_031"", ""x_mn"": 103488.3175763}",3.245504923072492,-7.522650908137864,11.685583016834421,11294.17912208024,3479.945151766443,20,15,4.900059674737827,5%,L
L024,non_operating,"{""asset_line"": ""bs_019"", ""equity_line"": ""bs_031"", ""x_mn"": 1318906.5733316992}",1.4694368106892344,-0.1694671738051418,1.9870514303358107,65169.74478340542,44350.15123436153,20,15,0.5501322969747328,rule,L
L024,non_operating,"{""asset_line"": ""bs_019"", ""equity_line"": ""bs_031"", ""x_mn"": 206976.6351526}",-1.6959482946041993,-5.599470740021147,3.876029599470156,-11803.6140909089,6959.890303532886,20,15,2.417219474360026,10%,L
L024,non_operating,"{""asset_line"": ""bs_019"", ""equity_line"": ""bs_031"", ""x_mn"": 41395.327030520006}",-10.247162237492551,-32.99618222169491,30.716925927567985,-14263.825019090553,1391.9780607065773,20,15,16.25334391562829,2%,L
L024,shares,"{""m"": 2.0}",1.0049705640971343,0.8337858910181513,1.1716733725679944,-112537.95528455592,-111981.34483238326,20,10,0.08619578610965387,m=2,L
L025,cash,"{""dividend_line"": ""cf_010"", ""dps_delta"": 242.90202015760067, ""x_mn"": 207446.96548235}",4.952648736262937,-7.869992233491526,12.192564281103527,-1203.0083831692555,-242.90202015760067,20,10,5.1179991108660845,5%,L
L025,cash,"{""dividend_line"": ""cf_010"", ""dps_delta"": 485.80404031520135, ""x_mn"": 414893.9309647}",3.3694547064014877,-0.8796306600958711,6.99518684748196,-1636.8947100289133,-485.80404031520135,20,10,2.0088820172392428,10%,L
L025,cash,"{""dividend_line"": ""cf_010"", ""dps_delta"": 97.16080806304028, ""x_mn"": 82978.78619294}",13.868752249141483,-28.092839052080368,35.456940917546504,-1347.4991753526938,-97.16080806304028,20,10,16.211678563680323,2%,L
L025,non_operating,"{""asset_line"": ""bs_023"", ""equity_line"": ""bs_031"", ""x_mn"": 207446.96548235}",3.570822266325329,-4.231582170604798,10.037644946800217,867.3599421141644,242.90202015760067,20,30,3.640108958521688,5%,L
L025,non_operating,"{""asset_line"": ""bs_023"", ""equity_line"": ""bs_031"", ""x_mn"": 2283980.3449833584}",0.5926449295909184,0.09887820904461374,1.255995892045051,1584.9332471653033,2674.3386605185774,20,29,0.29518308239807073,rule,L
L025,non_operating,"{""asset_line"": ""bs_023"", ""equity_line"": ""bs_031"", ""x_mn"": 414893.9309647}",0.4801893425672669,-3.2271068908924216,3.9601908391746408,233.27792273547857,485.80404031520135,20,30,1.8334943188946586,10%,L
L025,non_operating,"{""asset_line"": ""bs_023"", ""equity_line"": ""bs_031"", ""x_mn"": 82978.78619294}",-8.27740958925992,-21.880511373180283,9.765244917469634,-804.239804361252,97.16080806304028,20,30,8.072897012920897,2%,L
L025,shares,"{""m"": 2.0}",0.9605536203179312,0.6256614185587792,1.1468639197510095,-6638.79071050054,-6911.421257569341,20,10,0.1329598217327118,m=2,L
L026,cash,"{""dividend_line"": ""cf_015"", ""dps_delta"": 23264.280185863223, ""x_mn"": 1642280.0}",7.1959205447862375,1.252976951606769,12.436065777018172,-167407.9070061684,-23264.279526746974,10,10,2.852828781992705,5%,L
L026,cash,"{""dividend_line"": ""cf_015"", ""dps_delta"": 46528.560371726446, ""x_mn"": 3284560.0}",5.460433931736927,1.4501738938834172,19.35596605490728,-254066.12265052373,-46528.55905349395,10,10,4.56780412271017,10%,L
L026,cash,"{""dividend_line"": ""cf_015"", ""dps_delta"": 9305.712074345289, ""x_mn"": 656912.0}",25.650254151135638,2.231093193246452,41.28120324965478,-238693.87300164855,-9305.71181069879,10,10,9.961762769491921,2%,L
L026,non_operating,"{""asset_line"": ""bs_p00"", ""equity_line"": ""bs_024"", ""x_mn"": 1642280.0}",-3.421194531525795,-8.516052818077911,3.60240835605507,-79591.62589679426,23264.279526746974,10,10,3.0914441770747403,5%,L
L026,non_operating,"{""asset_line"": ""bs_p00"", ""equity_line"": ""bs_024"", ""x_mn"": 3284560.0}",-2.228928213134323,-6.0055062493215035,1.5430167507354617,-103708.81799081908,46528.55905349395,10,10,1.9256436224635116,10%,L
L026,non_operating,"{""asset_line"": ""bs_p00"", ""equity_line"": ""bs_024"", ""x_mn"": 656912.0}",-8.769273281565875,-19.064069053958647,8.127318674787196,-81604.32994751289,9305.71181069879,10,10,6.936578502231083,2%,L
L026,shares,"{""m"": 2.0}",1.3717500684277486,0.5367585965802256,2.039571534226465,-207628.79541140713,-151360.51398151845,10,10,0.38337064735873455,m=2,L
L027,cash,"{""dividend_line"": ""cf_010"", ""dps_delta"": 1281.2296692070843, ""x_mn"": 563810.8776244}",-1.2627728800678755,-8.035097557910296,1.6587493877345232,1617.902079413041,-1281.2296692070843,10,25,2.4729201391951072,5%,L
L027,cash,"{""dividend_line"": ""cf_010"", ""dps_delta"": 2562.4593384141685, ""x_mn"": 1127621.7552488}",-0.0932839814543401,-3.5070278425656003,1.1390193984982104,239.0364094021279,-2562.4593384141685,10,25,1.1852161329244415,10%,L
L027,cash,"{""dividend_line"": ""cf_010"", ""dps_delta"": 512.4918676828338, ""x_mn"": 225524.35104975998}",-3.3248813069362373,-19.774284707526597,2.138257581018942,1703.9746308154936,-512.4918676828338,10,25,5.589934257282025,2%,L
L027,cash,"{""dividend_line"": ""cf_010"", ""dps_delta"": 8195.950910643256, ""x_mn"": 3606665.05541981}",0.8758700283112902,-0.127242099528613,1.2251344714476984,-7178.587756143053,-8195.950910643256,10,25,0.3449940232082427,rule,L
L027,non_operating,"{""asset_line"": ""bs_025"", ""equity_line"": ""bs_035"", ""x_mn"": 1127621.7552488}",1.7745340940972862,0.6257556489674168,5.160696433018497,4547.171460753918,2562.4593384141685,10,25,1.1568726489926227,10%,L
L027,non_operating,"{""asset_line"": ""bs_025"", ""equity_line"": ""bs_035"", ""x_mn"": 225524.35104975998}",3.1881162451237866,-6.195080393983676,20.449563592816506,1633.8836488534726,512.4918676828338,10,25,6.79710305785719,2%,L
L027,non_operating,"{""asset_line"": ""bs_025"", ""equity_line"": ""bs_035"", ""x_mn"": 3606665.05541981}",1.0781452306123906,0.7881024008202306,2.114286471753569,8836.425384643306,8195.950910643256,10,25,0.33831226299319855,rule,L
L027,non_operating,"{""asset_line"": ""bs_025"", ""equity_line"": ""bs_035"", ""x_mn"": 563810.8776244}",2.789495909029083,0.9050015558927879,9.506377894548896,3573.984920779847,1281.2296692070843,10,25,2.1942286578204357,5%,L
L027,shares,"{""m"": 2.0}",0.954060063175026,0.5845669181708097,1.0769199778302627,-21214.859727964948,-22236.398468838328,10,10,0.12560027032128904,m=2,L
L028,cash,"{""dividend_line"": ""cf_012"", ""dps_delta"": 1410.558253926078, ""x_mn"": 153951.14895}",-4.590182514394874,-13.69383319341318,8.641233764025355,6474.719832706847,-1410.558253926078,20,10,5.697721162611871,5%,L
L028,cash,"{""dividend_line"": ""cf_012"", ""dps_delta"": 2821.116507852156, ""x_mn"": 307902.2979}",-0.47865722489678797,-13.85586311229167,9.083647773660338,1350.3477987590304,-2821.116507852156,20,10,5.851916042334697,10%,L
L028,cash,"{""dividend_line"": ""cf_012"", ""dps_delta"": 564.2233015704311, ""x_mn"": 61580.459579999995}",33.04197339550323,-68.1413675397848,40.73105359466267,-18643.05131961318,-564.2233015704311,20,10,27.77357682001211,2%,L
L028,non_operating,"{""asset_line"": ""bs_p00"", ""equity_line"": ""bs_025"", ""x_mn"": 153951.14895}",-26.11573562327616,-29.262995796232122,-21.97901400721742,-36837.76644076349,1410.558253926078,20,10,1.858158619646608,5%,L
L028,non_operating,"{""asset_line"": ""bs_p00"", ""equity_line"": ""bs_025"", ""x_mn"": 307902.2979}",-4.238265888544109,-8.450182476877485,-1.0999724589767368,-11956.64186283847,2821.116507852156,20,10,1.8750535759950888,10%,L
L028,non_operating,"{""asset_line"": ""bs_p00"", ""equity_line"": ""bs_025"", ""x_mn"": 3962933.578188222}",-0.12393583237915476,-0.23007535176555344,0.6953264879229595,-4500.095945429435,36309.886003447085,20,10,0.2360718978797227,rule,L
L028,non_operating,"{""asset_line"": ""bs_p00"", ""equity_line"": ""bs_025"", ""x_mn"": 61580.459579999995}",7.6143550120215115,-0.017349045046380473,72.04954033609397,4296.196524212137,564.2233015704311,20,10,18.384410556413357,2%,L
L028,shares,"{""m"": 2.0}",1.050419852889541,0.9815414806156005,1.1076343267672666,-106221.25898348709,-101122.66889405125,20,10,0.0321665423856291,m=2,L
L029,cash,"{""dividend_line"": ""cf_016"", ""dps_delta"": 12890.78648140966, ""x_mn"": 2179207.5772}",15.857447644120027,2.2759787315407936,30.256797718332543,-204414.22988687232,-12890.739700009006,10,10,7.137964027242793,10%,L
L029,cash,"{""dividend_line"": ""cf_016"", ""dps_delta"": 2578.1572962819314, ""x_mn"": 435841.51544}",-9.53039708203681,-119.58502234079285,89.68339603610043,24570.773604452377,-2578.147940001801,10,10,53.38480060635033,2%,L
L029,cash,"{""dividend_line"": ""cf_016"", ""dps_delta"": 6445.39324070483, ""x_mn"": 1089603.7886}",48.15304331102639,15.08208445131877,77.01310728414443,-310364.1735428505,-6445.369850004503,10,10,15.798730314496341,5%,L
L029,non_operating,"{""asset_line"": ""bs_p00"", ""equity_line"": ""bs_036"", ""x_mn"": 1089603.7886}",-11.404404359359223,-49.80763344516977,6.014407348732258,-73505.60401507386,6445.369850004503,10,10,14.24031652905664,5%,L
L029,non_operating,"{""asset_line"": ""bs_p00"", ""equity_line"": ""bs_036"", ""x_mn"": 2179207.5772}",-5.574976739584223,-24.725216250778068,2.6826324475858665,-71865.57398358511,12890.739700009006,10,10,6.991798137337739,10%,L
L029,non_operating,"{""asset_line"": ""bs_p00"", ""equity_line"": ""bs_036"", ""x_mn"": 435841.51544}",78.725091406758,-17.99003677929705,147.16116994494513,202964.93223678664,2578.147940001801,10,10,42.13040987863321,2%,L
L029,shares,"{""m"": 2.0}",1.1411352652580948,0.35876809805438586,2.6945244008674716,-173955.94445064664,-152441.1257339439,10,10,0.5958561996972157,m=2,L
L030,cash,"{""dividend_line"": ""cf_008"", ""dps_delta"": 1408.4057175942567, ""x_mn"": 1328461.75}",2.5714014020521136,-2.86167484645745,8.161439009382667,-3621.5764368800847,-1408.4057175942567,10,10,2.81201884077554,5%,L
L030,cash,"{""dividend_line"": ""cf_008"", ""dps_delta"": 563.3622870377026, ""x_mn"": 531384.7}",5.867470553527755,-16.99300300388563,19.75544288188074,-3305.511630161771,-563.3622870377026,10,10,9.37460354228734,2%,L
L030,non_operating,"{""asset_line"": ""bs_018"", ""equity_line"": ""bs_028"", ""x_mn"": 1328461.75}",0.5320205872718462,-4.613274213071848,5.349956087567603,749.3008369915224,1408.4057175942567,10,10,2.5416403828161864,5%,L
L030,non_operating,"{""asset_line"": ""bs_018"", ""equity_line"": ""bs_028"", ""x_mn"": 2656923.5}",0.2779772780541116,-2.2326657615573238,2.8974308152662025,783.0095755453985,2816.8114351885133,10,10,1.308698106332532,10%,L
L030,non_operating,"{""asset_line"": ""bs_018"", ""equity_line"": ""bs_028"", ""x_mn"": 531384.7}",-7.487728059195069,-21.885467467808915,5.685432673137967,-4218.303604144512,563.3622870377026,10,10,7.033392893098695,2%,L
L030,shares,"{""m"": 2.0}",1.1656015714258636,0.6021033260302323,1.6644919781641847,-15599.051994022302,-13382.83370272074,10,10,0.2710175132994777,m=2,L
L032,cash,"{""dividend_line"": ""cf_010"", ""dps_delta"": 1788.182030608576, ""x_mn"": 185591.2}",-5.520605129446345,-16.925320175649507,9.927682103138057,9871.846890561486,-1788.182030608576,20,10,6.850255683364175,2%,L
L032,cash,"{""dividend_line"": ""cf_010"", ""dps_delta"": 4470.45507652144, ""x_mn"": 463978.0}",3.4085902106180823,-6.211773879631551,7.526191732575358,-15237.94941083889,-4470.45507652144,20,10,3.504583064338497,5%,L
L032,non_operating,"{""asset_line"": ""bs_021"", ""equity_line"": ""bs_p00"", ""x_mn"": 185591.2}",-4.049153743308036,-20.158055304412205,9.099762656563685,-7240.62396295488,1788.182030608576,20,15,7.463729071677523,2%,L
L032,non_operating,"{""asset_line"": ""bs_021"", ""equity_line"": ""bs_p00"", ""x_mn"": 4053879.4564647283}",0.24899861154883632,-0.1468430080113849,0.7076469062238705,9725.727621739527,39059.36487453871,20,15,0.21798212097838146,rule,L
L032,non_operating,"{""asset_line"": ""bs_021"", ""equity_line"": ""bs_p00"", ""x_mn"": 463978.0}",-3.381053965447201,-11.314205039406085,1.0905866231534738,-15114.849863826385,4470.45507652144,20,15,3.1644876690202954,5%,L
L032,non_operating,"{""asset_line"": ""bs_021"", ""equity_line"": ""bs_p00"", ""x_mn"": 927956.0}",-2.1897743609157945,-4.020052449533183,0.8488147914950654,-19578.57581638501,8940.91015304288,20,15,1.2420579696500633,10%,L
L032,shares,"{""m"": 2.0}",0.9368562180574133,0.8130198573565516,1.1378230434037555,-88267.40222779161,-94216.59431456357,20,10,0.08285795562428672,m=2,L
L033,cash,"{""dividend_line"": ""cf_004"", ""dps_delta"": 14665.221529362398, ""x_mn"": 2388739.3000000003}",-3.843073984478457,-7.842609796658309,4.831121999924,56358.92617307106,-14665.064060878214,10,10,3.2330948460669156,10%,L
L033,cash,"{""dividend_line"": ""cf_004"", ""dps_delta"": 2933.044305872479, ""x_mn"": 477747.86}",-24.60273724544075,-50.11763416964511,10.121374856093652,72160.14355546859,-2933.0128121756425,10,10,15.367094139219072,2%,L
L033,cash,"{""dividend_line"": ""cf_004"", ""dps_delta"": 7332.610764681199, ""x_mn"": 1194369.6500000001}",-7.204861777899353,-21.516158284776125,11.832390309374198,52829.87976133346,-7332.532030439107,10,10,8.507282804630185,5%,L
L033,non_operating,"{""asset_line"": ""bs_p00"", ""equity_line"": ""bs_028"", ""x_mn"": 1194369.6500000001}",-0.6197960744969384,-14.645571696389156,6.963124540930895,-4544.674568589224,7332.532030439107,10,10,5.512422509520422,5%,L
L033,non_operating,"{""asset_line"": ""bs_p00"", ""equity_line"": ""bs_028"", ""x_mn"": 2388739.3000000003}",5.372600404956916,-3.960997440609801,10.083682749973784,78789.52911219341,14665.064060878214,10,10,3.582826579230506,10%,L
L033,non_operating,"{""asset_line"": ""bs_p00"", ""equity_line"": ""bs_028"", ""x_mn"": 477747.86}",3.8373486508046555,-31.624870564340284,27.463537687734902,11254.99275759497,2933.0128121756425,10,10,15.073573533692649,2%,L
L033,shares,"{""m"": 2.0}",1.2189551948393955,-0.46176907636613673,4.594357889723393,-35656.79512670501,-29251.932538343215,10,10,1.2898283076759005,m=2,L
L034,cash,"{""dividend_line"": ""cf_010"", ""dps_delta"": 375.51527311706366, ""x_mn"": 36603.39142722}",-458.1389992496366,-560.3161538433284,-27.254632809787953,172038.1914288055,-375.51527311706366,20,10,135.98508189631133,2%,L
L034,non_operating,"{""asset_line"": ""bs_p00"", ""equity_line"": ""bs_024"", ""x_mn"": 183016.9571361}",95.8160161131872,36.730298295965774,111.29885884791585,179901.8872986623,1877.5763655853182,20,10,19.022591977538283,10%,L
L034,non_operating,"{""asset_line"": ""bs_p00"", ""equity_line"": ""bs_024"", ""x_mn"": 36603.39142722}",209.4366200330413,-92.44048486531457,515.7124706210556,78646.64957242219,375.51527311706366,20,10,155.1410600730536,2%,L
L034,non_operating,"{""asset_line"": ""bs_p00"", ""equity_line"": ""bs_024"", ""x_mn"": 91508.47856805}",216.37158445392063,99.17861298835504,236.91431998407157,203127.0865774645,938.7881827926591,20,10,35.13665994788687,5%,L
L034,shares,"{""m"": 2.0}",-7.12864741971597,-8.264209985236638,1.7204837250345062,86927.53421564173,-12194.113286515329,20,10,2.5471157424161084,m=2,L
L035,cash,"{""dividend_line"": ""cf_018"", ""dps_delta"": 11496.340354547787, ""x_mn"": 155919.30000000002}",13.783263748671743,-35.81553507391614,27.891704398029102,-158457.09125123057,-11496.340354547787,18,10,16.251846804067664,10%,L
L035,cash,"{""dividend_line"": ""cf_018"", ""dps_delta"": 2299.268070909557, ""x_mn"": 31183.86}",205.41250455963748,30.728195484800956,385.5892763328349,-472298.4130995383,-2299.268070909557,18,8,90.52578593062091,2%,L
L035,cash,"{""dividend_line"": ""cf_018"", ""dps_delta"": 5748.170177273893, ""x_mn"": 77959.65000000001}",-8.310293688966746,-67.95466335316996,24.748373723261118,47768.9823473061,-5748.170177273893,18,10,23.648733948069154,5%,L
L035,non_operating,"{""asset_line"": ""bs_p00"", ""equity_line"": ""bs_032"", ""x_mn"": 155919.30000000002}",-14.85699773518147,-42.942567591074535,15.178993708058115,-170801.1026103918,11496.340354547787,18,10,14.826928902839962,10%,L
L035,non_operating,"{""asset_line"": ""bs_p00"", ""equity_line"": ""bs_032"", ""x_mn"": 31183.86}",-171.49757036266516,-245.65030639374677,188.69483713491442,-394318.88777344115,2299.268070909557,18,5,110.80233253282174,2%,L
L035,non_operating,"{""asset_line"": ""bs_p00"", ""equity_line"": ""bs_032"", ""x_mn"": 77959.65000000001}",-53.72968939698308,-110.26225305601103,-20.4183459381524,-308847.3982259275,5748.170177273893,18,9,22.919364060678223,5%,L
L035,shares,"{""m"": 2.0}",1.095144688558792,0.9487123078994179,1.2846785336580384,-976361.8447287277,-891536.8489013243,18,10,0.0857056698363828,m=2,L
L036,cash,"{""dividend_line"": ""cf_012"", ""dps_delta"": 1484.3822410092553, ""x_mn"": 165294.52}",2.953013474035669,-2.953155732822286,25.573743939577867,-4383.400758319593,-1484.3822410092553,20,10,7.277270324591876,2%,L
L036,cash,"{""dividend_line"": ""cf_012"", ""dps_delta"": 3710.955602523139, ""x_mn"": 413236.30000000005}",-1.899693295872647,-5.073219064295961,2.5102038057508422,7049.677479394246,-3710.955602523139,20,10,1.9345466505221438,5%,L
L036,cash,"{""dividend_line"": ""cf_012"", ""dps_delta"": 7421.911205046278, ""x_mn"": 826472.6000000001}",0.921555853808518,0.773411263293477,2.1475433221496596,-6839.705717457429,-7421.911205046278,20,10,0.3505438925653527,10%,L
L036,non_operating,"{""asset_line"": ""bs_021"", ""equity_line"": ""bs_031"", ""x_mn"": 165294.52}",-1.379168259770894,-8.225375826515927,12.027408340144921,-2047.2128721675545,1484.3822410092553,20,10,5.166526573127768,2%,L
L036,non_operating,"{""asset_line"": ""bs_021"", ""equity_line"": ""bs_031"", ""x_mn"": 413236.30000000005}",1.2257926325838624,-0.8259346075337182,6.019245967915741,4548.862037418672,3710.955602523139,20,10,1.7462195345534337,5%,L
L036,non_operating,"{""asset_line"": ""bs_021"", ""equity_line"": ""bs_031"", ""x_mn"": 826472.6000000001}",2.4395285921011287,0.6828802572380354,3.4677365178297332,18105.96459274614,7421.911205046278,20,10,0.7104225154570658,10%,L
L036,shares,"{""m"": 2.0}",1.074468307078532,0.9996175246032465,1.1879080776392916,-77912.82740271793,-72512.91349352321,20,10,0.04803330434592988,m=2,L
L037,cash,"{""dividend_line"": ""cf_012"", ""dps_delta"": 1309.3006029960745, ""x_mn"": 28601.9989976}",45.21165207370403,-308.49648007223334,446.198783326344,-59195.64332254941,-1309.3006029960745,20,10,192.5243018873922,2%,L
L037,cash,"{""dividend_line"": ""cf_012"", ""dps_delta"": 3273.2515074901867, ""x_mn"": 71504.997494}",-116.50120864310153,-250.81468138540848,60.97966224304776,381337.75681546086,-3273.2515074901867,20,10,79.53937337460619,5%,L
L037,non_operating,"{""asset_line"": ""bs_p00"", ""equity_line"": ""bs_023"", ""x_mn"": 143009.994988}",7.534771230741997,-75.13316209394448,77.75029145366945,49326.40257923986,6546.503014980373,20,10,39.00088100704437,10%,L
L037,non_operating,"{""asset_line"": ""bs_p00"", ""equity_line"": ""bs_023"", ""x_mn"": 28601.9989976}",137.3307932983765,-296.27178432807835,593.6450870400155,179807.29047549365,1309.3006029960745,20,10,227.01961004288108,2%,L
L037,non_operating,"{""asset_line"": ""bs_p00"", ""equity_line"": ""bs_023"", ""x_mn"": 71504.997494}",-5.097505383550685,-164.83816630974823,71.7066535312991,-16685.417181146622,3273.2515074901867,20,10,60.343066285981465,5%,L
L037,shares,"{""m"": 2.0}",-1.4093301611106017,-2.0471114533174832,2.320789540900017,209848.85465625057,-148899.71168351517,20,10,1.114260457708546,m=2,L
L038,cash,"{""dividend_line"": ""cf_020"", ""dps_delta"": 1207.9036154534456, ""x_mn"": 257262.06}",-9.58400946351758,-43.868480661486906,4.21064760781827,11576.559681522922,-1207.9036154534456,20,10,12.265083742169686,2%,L
L038,cash,"{""dividend_line"": ""cf_020"", ""dps_delta"": 3019.759038633614, ""x_mn"": 643155.15}",-1.4408823296380646,-14.26060067976764,4.461379866316114,4351.117438532005,-3019.759038633614,20,10,4.776015445429529,5%,L
L038,cash,"{""dividend_line"": ""cf_020"", ""dps_delta"": 6039.518077267228, ""x_mn"": 1286310.3}",5.9127866443468555,-3.2715529992204555,9.511738114027812,-35710.381825557066,-6039.518077267228,20,10,3.261043651338844,10%,L
L038,non_operating,"{""asset_line"": ""bs_p00"", ""equity_line"": ""bs_037"", ""x_mn"": 1286310.3}",0.16368285773086477,-2.586680240744308,6.720588656581707,988.5655782043177,6039.518077267228,20,10,2.3743032901341876,10%,L
L038,non_operating,"{""asset_line"": ""bs_p00"", ""equity_line"": ""bs_037"", ""x_mn"": 257262.06}",21.33532968685387,2.7009670670272095,56.73707617628451,25771.02186564202,1207.9036154534456,20,10,13.784721711545231,2%,L
L038,non_operating,"{""asset_line"": ""bs_p00"", ""equity_line"": ""bs_037"", ""x_mn"": 643155.15}",10.725600435736684,-16.518979088054905,23.807594404667007,32388.728860588482,3019.759038633614,20,10,10.287391197122938,5%,L
L038,shares,"{""m"": 2.0}",0.9171086830859242,0.4882293643215912,1.1630053013854793,-85402.4909191922,-93121.45059168611,20,10,0.172136718638747,m=2,L
L039,cash,"{""dividend_line"": ""cf_016"", ""dps_delta"": 13801.606109262668, ""x_mn"": 1035120.4581947001}",-0.6296941003862746,-2.4484669534480803,2.6962487333228284,8690.789942857868,-13801.606109262668,20,10,1.3124274711150277,10%,L
L039,cash,"{""dividend_line"": ""cf_016"", ""dps_delta"": 2760.321221852533, ""x_mn"": 207024.09163894}",-1.8563107274245079,-17.786658378970937,8.29884918275768,5124.013895262382,-2760.321221852533,20,10,6.654466214726688,2%,L
L039,cash,"{""dividend_line"": ""cf_016"", ""dps_delta"": 6900.803054631334, ""x_mn"": 517560.22909735003}",1.230738452084235,-3.8520842732684644,7.085439367286008,-8493.08366959513,-6900.803054631334,20,10,2.790184602182263,5%,L
L039,non_operating,"{""asset_line"": ""bs_p00"", ""equity_line"": ""bs_025"", ""x_mn"": 1035120.4581947001}",3.2975886998328017,1.1186087820346304,4.490474042726488,45512.020345447934,13801.606109262668,20,30,0.8601697093601678,10%,L
L039,non_operating,"{""asset_line"": ""bs_p00"", ""equity_line"": ""bs_025"", ""x_mn"": 207024.09163894}",4.581756408579805,-5.6282446516936515,15.650230475110018,12647.119447961682,2760.321221852533,20,30,5.428182430307059,2%,L
L039,non_operating,"{""asset_line"": ""bs_p00"", ""equity_line"": ""bs_025"", ""x_mn"": 517560.22909735003}",-1.598821902124792,-5.677265464348925,1.2889195651676555,-11033.155065994244,6900.803054631334,20,30,1.7770880177338215,5%,L
L039,non_operating,"{""asset_line"": ""bs_p00"", ""equity_line"": ""bs_025"", ""x_mn"": 5765051.922639248}",1.4792669883688319,1.1495501484104838,1.7106212565463772,113707.34660523338,76867.3589685233,20,30,0.14313038472854425,rule,L
L039,shares,"{""m"": 2.0}",0.951855372586574,0.6975861862028483,1.144128111447176,-186119.8125197729,-195533.71014129015,20,10,0.11391375643987951,m=2,L
L040,cash,"{""dividend_line"": ""cf_006"", ""dps_delta"": 1464.6216957167637, ""x_mn"": 353113.06}",-3.771933467017432,-118.17798080612592,133.72603360995387,5284.937955457819,-1401.121732838188,20,10,64.26122816736729,2%,L
L040,cash,"{""dividend_line"": ""cf_006"", ""dps_delta"": 3661.5542392919097, ""x_mn"": 882782.65}",-1.8361408246907762,-45.67819353968473,12.10396435615781,6431.6420350642,-3502.8043320954703,20,10,14.740346402000648,5%,L
L040,cash,"{""dividend_line"": ""cf_006"", ""dps_delta"": 7323.108478583819, ""x_mn"": 1765565.3}",2.461694001482362,-21.25217002910398,26.32371637677267,-17245.6648253717,-7005.6086641909405,20,10,12.136705715784858,10%,L
L040,non_operating,"{""asset_line"": ""bs_p00"", ""equity_line"": ""bs_023"", ""x_mn"": 1765565.3}",1.3328290604163529,-5.783409010888271,26.20699170156311,9337.278813538273,7005.6086641909405,20,10,8.160816508278414,10%,L
L040,non_operating,"{""asset_line"": ""bs_p00"", ""equity_line"": ""bs_023"", ""x_mn"": 353113.06}",-44.25783170762165,-126.18841715182903,108.88719124621552,-62010.60985384375,1401.121732838188,20,10,59.96826744848075,2%,L
L040,non_operating,"{""asset_line"": ""bs_p00"", ""equity_line"": ""bs_023"", ""x_mn"": 882782.65}",17.179428293471172,-7.886303252964909,68.59429798069887,60176.17584929432,3502.8043320954703,20,10,19.51035745756729,5%,L
L040,shares,"{""m"": 2.0}",0.8321263719492493,-2.331561254083769,1.8817697477016826,-40489.259584953936,-48657.58489315532,20,10,1.0748293371901663,m=2,L
L041,cash,"{""dividend_line"": ""cf_020"", ""dps_delta"": 1967.9234450686574, ""x_mn"": 335421.70205}",4.777819423847056,-0.8323679619926575,33.39527290513189,-9109.589163822995,-1906.6415776107415,20,10,8.731541037531773,5%,L
L041,cash,"{""dividend_line"": ""cf_020"", ""dps_delta"": 3935.846890137315, ""x_mn"": 670843.4041}",2.638301120450708,0.051599306909800025,4.833377532767549,-10060.58922101665,-3813.283155221483,20,10,1.219841384147385,10%,L
L041,cash,"{""dividend_line"": ""cf_020"", ""dps_delta"": 787.169378027463, ""x_mn"": 134168.68082}",-0.5880462420414228,-26.159574755768812,20.90628249235002,448.4773658535705,-762.6566310442967,20,10,12.006596236765008,2%,L
L041,non_operating,"{""asset_line"": ""bs_p00"", ""equity_line"": ""bs_025"", ""x_mn"": 134168.68082}",-17.77289681906215,-42.73741717321639,-5.013101978230343,-13554.617611923837,762.6566310442967,20,10,9.623549794639297,2%,L
L041,non_operating,"{""asset_line"": ""bs_p00"", ""equity_line"": ""bs_025"", ""x_mn"": 335421.70205}",-5.890683012459962,-11.21613514410612,1.3048511401788578,-11231.421152081457,1906.6415776107415,20,10,3.1941291541543313,5%,L
L041,non_operating,"{""asset_line"": ""bs_p00"", ""equity_line"": ""bs_025"", ""x_mn"": 670843.4041}",0.29561264905983375,-2.753527153501078,2.322196050998871,1127.2547351302637,3813.283155221483,20,10,1.2948273480867218,10%,L
L041,shares,"{""m"": 2.0}",0.9896836714599929,0.8068516102644274,1.1150333044234837,-41815.36494701932,-42251.24264739339,20,10,0.07861777912220823,m=2,L
L042,cash,"{""dividend_line"": ""cf_016"", ""dps_delta"": 1191.0018948746692, ""x_mn"": 44579.981031400006}",1.712647536837037,-18.642497612929837,10.580007759829142,-2039.766461625346,-1191.0018948746692,20,10,7.454720758356883,10%,L
L042,cash,"{""dividend_line"": ""cf_016"", ""dps_delta"": 238.2003789749338, ""x_mn"": 8915.99620628}",-104.50351910907303,-125.30603413380193,29.316277066188,24892.77785599543,-238.2003789749338,20,10,39.44446714285457,2%,L
L042,cash,"{""dividend_line"": ""cf_016"", ""dps_delta"": 595.5009474373346, ""x_mn"": 22289.990515700003}",4.448401585421182,-30.68609214361818,22.406426824448825,-2649.0273587000556,-595.5009474373346,20,10,13.54400994083342,5%,L
L042,non_operating,"{""asset_line"": ""bs_p00"", ""equity_line"": ""bs_021"", ""x_mn"": 1042064.0986504563}",0.7779077188670326,0.585419747949364,0.9681730371740683,21656.839985685714,27839.85742836871,20,30,0.09764114521038375,rule,L
L042,non_operating,"{""asset_line"": ""bs_p00"", ""equity_line"": ""bs_021"", ""x_mn"": 22289.990515700003}",-8.6357260932613,-21.31165398818271,18.862987297369244,-5142.583070346416,595.5009474373346,20,30,10.248632981008152,5%,L
L042,non_operating,"{""asset_line"": ""bs_p00"", ""equity_line"": ""bs_021"", ""x_mn"": 44579.981031400006}",-2.1705496700872158,-10.448364390010546,4.952916071528696,-2585.128769993462,1191.0018948746692,20,30,3.928898076923276,10%,L
L042,non_operating,"{""asset_line"": ""bs_p00"", ""equity_line"": ""bs_021"", ""x_mn"": 8915.99620628}",5.989863358585175,-45.792550033759404,50.58340133561865,1426.7877220230584,238.2003789749338,20,30,24.585701879943382,2%,L
L042,shares,"{""m"": 2.0}",0.9632087899407239,0.7942570480740399,1.0405436034830187,-71006.39715082338,-73718.59340610163,20,10,0.06282820291045378,m=2,L
L044,cash,"{""dividend_line"": ""cf_013"", ""dps_delta"": 1532.8678151911224, ""x_mn"": 65140.53454}",-17.988771197679043,-30.972563860674285,3.8066832649762268,27501.062717413603,-1528.7905113253016,20,10,8.872256919808805,2%,L
L044,cash,"{""dividend_line"": ""cf_013"", ""dps_delta"": 3832.169537977806, ""x_mn"": 162851.33635}",-3.247880990802447,-16.834042566217185,4.4555707424755004,12413.3241016315,-3821.976278313254,20,10,5.43102380323793,5%,L
L044,cash,"{""dividend_line"": ""cf_013"", ""dps_delta"": 7664.339075955612, ""x_mn"": 325702.6727}",-0.9285702430382475,-4.082171070017433,3.113301731791992,7097.94688327951,-7643.952556626508,20,10,1.8355797963799556,10%,L
L044,non_operating,"{""asset_line"": ""bs_012"", ""equity_line"": ""bs_025"", ""x_mn"": 162851.33635}",6.656743701336272,-0.1797259378929578,11.593815781349152,25441.9165173184,3821.976278313254,20,10,3.0034545202148237,5%,L
L044,non_operating,"{""asset_line"": ""bs_012"", ""equity_line"": ""bs_025"", ""x_mn"": 325702.6727}",3.3123864222633723,-1.3012407756529574,6.088177272437013,25319.724660995038,7643.952556626508,20,10,1.8850556245127477,10%,L
L044,non_operating,"{""asset_line"": ""bs_012"", ""equity_line"": ""bs_025"", ""x_mn"": 65140.53454}",3.4459015912054674,-11.575220502786477,28.176693397380962,5268.061655595677,1528.7905113253016,20,10,10.140794362287611,2%,L
L044,shares,"{""m"": 2.0}",0.6971576666986469,-1.415940588827681,2.391003808792826,-9388.498016527865,-13466.821732000164,20,10,0.9711592851072721,m=2,L
L045,cash,"{""dividend_line"": ""cf_p00"", ""dps_delta"": 3154.9350717003495, ""x_mn"": 140828.44265744}",1.0676532042352544,-14.610724507541208,16.80990878192896,-3171.80984909588,-2970.82408080984,10,10,8.015467675885247,2%,L
L045,cash,"{""dividend_line"": ""cf_p00"", ""dps_delta"": 7887.337679250875, ""x_mn"": 352071.10664360004}",1.6259437171537678,-4.611783486819551,2.914350918010022,-12075.981872404693,-7427.060202024601,10,10,1.9199322461299932,5%,L
L045,non_operating,"{""asset_line"": ""bs_015"", ""equity_line"": ""bs_024"", ""x_mn"": 140828.44265744}",-1.2644708448996924,-4.486503818621273,14.423734279105712,-3756.5204355099704,2970.82408080984,10,20,4.824040331052802,2%,L
L045,non_operating,"{""asset_line"": ""bs_015"", ""equity_line"": ""bs_024"", ""x_mn"": 352071.10664360004}",1.0158637964974733,-2.87944590556564,5.9987072897845275,7544.881573644001,7427.060202024601,10,20,2.2648349988138183,5%,L
L045,non_operating,"{""asset_line"": ""bs_015"", ""equity_line"": ""bs_024"", ""x_mn"": 3938997.562149891}",0.28728837011246217,0.12162972524109146,0.7670242151028326,23872.083028627036,83094.49846257977,10,20,0.16464145149534212,rule,L
L045,non_operating,"{""asset_line"": ""bs_015"", ""equity_line"": ""bs_024"", ""x_mn"": 704142.2132872001}",1.0075388261458058,0.07595168810969394,4.347069171462853,14966.103035324195,14854.120404049201,10,20,1.0895707865696835,10%,L
L045,shares,"{""m"": 2.0}",1.000181859395683,0.7612731885604239,1.0720146608957617,-208403.7396309608,-208365.8463440637,10,10,0.07927078375901474,m=2,L
L046,cash,"{""dividend_line"": ""cf_011"", ""dps_delta"": 12819.75788941477, ""x_mn"": 991610.6572212}",-1.0754987010573265,-1.7222084376490985,-0.10398759446979858,13782.712532483507,-12815.182871846962,10,30,0.41281143958655614,10%,L
L046,cash,"{""dividend_line"": ""cf_011"", ""dps_delta"": 19717.26981820399, ""x_mn"": 1525134.4878502649}",0.30382384268311824,-0.32362409185840424,1.039467545149681,-5988.438812000561,-19710.233269106448,10,30,0.3477274584204299,rule,L
L046,cash,"{""dividend_line"": ""cf_011"", ""dps_delta"": 2563.951577882954, ""x_mn"": 198322.13144424}",-0.88132068695976,-4.2247219663788504,3.675975174946233,2258.857154426223,-2563.036574369393,10,30,2.015483964623746,2%,L
L046,cash,"{""dividend_line"": ""cf_011"", ""dps_delta"": 6409.878944707385, ""x_mn"": 495805.3286106}",-0.8165564286010536,-1.5311810676056403,1.1266996108745,5232.1599788523745,-6407.591435923481,10,30,0.6780307853265664,5%,L
L046,non_operating,"{""asset_line"": ""bs_018"", ""equity_line"": ""bs_025"", ""x_mn"": 198322.13144424}",0.6025924560333795,-3.9327574589543857,6.56936524283173,1544.4665042526321,2563.036574369393,10,15,2.6791129341291113,2%,L
L046,non_operating,"{""asset_line"": ""bs_018"", ""equity_line"": ""bs_025"", ""x_mn"": 2156865.8771607894}",0.8607442409093374,0.48986031174428557,1.5712408995658451,23992.79744552076,27874.479206707732,10,15,0.2758623948524387,rule,L
L046,non_operating,"{""asset_line"": ""bs_018"", ""equity_line"": ""bs_025"", ""x_mn"": 495805.3286106}",4.027535885252886,1.5748262050439974,4.796633448493969,25806.804446220893,6407.591435923481,10,15,0.8218896029209111,5%,L
L046,non_operating,"{""asset_line"": ""bs_018"", ""equity_line"": ""bs_025"", ""x_mn"": 991610.6572212}",2.1658062813358763,1.0002537637122222,2.6353585891011586,27755.203560314083,12815.182871846962,10,15,0.41711857790534096,10%,L
L046,shares,"{""m"": 2.0}",0.9763012810073334,0.8636371326979962,1.1389852768557196,-70706.94401120988,-72423.28304461046,10,10,0.0702418735096233,m=2,L
L047,cash,"{""dividend_line"": ""cf_009"", ""dps_delta"": 1347.130310063962, ""x_mn"": 36942.51076}",28.334011939646306,-12.28960372720248,47.80719691905654,-38168.40096213424,-1347.0877701130346,20,10,15.330816491392605,2%,L
L047,cash,"{""dividend_line"": ""cf_009"", ""dps_delta"": 3367.8257751599053, ""x_mn"": 92356.2769}",0.43583408476181945,-20.612105244637082,7.585719396152399,-1467.7669134526368,-3367.7194252825866,20,10,7.193322612446297,5%,L
L047,cash,"{""dividend_line"": ""cf_009"", ""dps_delta"": 6735.651550319811, ""x_mn"": 184712.5538}",-4.914514106462982,-16.47384302846834,5.985017818582242,33101.40924432136,-6735.438850565173,20,10,5.729301236492496,10%,L
L047,non_operating,"{""asset_line"": ""bs_p00"", ""equity_line"": ""bs_025"", ""x_mn"": 184712.5538}",-9.55297628842818,-11.59014436173184,-1.7631459383996948,-64343.48763160706,6735.438850565173,20,10,2.5068873528908533,10%,L
L047,non_operating,"{""asset_line"": ""bs_p00"", ""equity_line"": ""bs_025"", ""x_mn"": 36942.51076}",-24.721744218366503,-40.28687628442909,14.43050813287305,-33302.35929242414,1347.0877701130346,20,10,13.95851643298524,2%,L
L047,non_operating,"{""asset_line"": ""bs_p00"", ""equity_line"": ""bs_025"", ""x_mn"": 92356.2769}",-16.402322761182617,-27.73010431027596,8.354241927322091,-55238.42098258941,3367.7194252825866,20,10,9.205190366734197,5%,L
L047,shares,"{""m"": 2.0}",1.3001589201283323,0.4541226328929339,1.5838069144323255,-82949.81130248132,-63799.74787566257,20,10,0.28818476569882434,m=2,L
L049,cash,"{""dividend_line"": ""cf_009"", ""dps_delta"": 139654.3580040639, ""x_mn"": 9688588.39993249}",1.3793069370578688,0.9629326777968089,1.62752638260286,-192626.22478536842,-139654.3580040639,20,10,0.16953921040970693,rule,L
L049,cash,"{""dividend_line"": ""cf_009"", ""dps_delta"": 17066.845027469502, ""x_mn"": 1184020.6}",1.0009147278259778,0.41869208837989047,6.575309520086766,-17082.45654551778,-17066.845027469502,20,10,1.570565671353795,10%,L
L049,cash,"{""dividend_line"": ""cf_009"", ""dps_delta"": 3413.3690054939007, ""x_mn"": 236804.12}",14.43642451586948,0.9220149161869835,21.105430184338058,-49276.84399262117,-3413.3690054939007,20,10,5.148830425548743,2%,L
L049,cash,"{""dividend_line"": ""cf_009"", ""dps_delta"": 8533.422513734751, ""x_mn"": 592010.3}",9.50284891617063,4.162270082114439,14.333297496568989,-81091.82488587033,-8533.422513734751,20,10,2.5946498506261606,5%,L
L049,non_operating,"{""asset_line"": ""bs_021"", ""equity_line"": ""bs_032"", ""x_mn"": 1184020.6}",-3.9078184668045868,-10.52911935082624,-0.3494810119872019,-66694.13216843735,17066.845027469502,20,10,2.596846515009959,10%,L
L049,non_operating,"{""asset_line"": ""bs_021"", ""equity_line"": ""bs_032"", ""x_mn"": 236804.12}",-28.076369267969387,-50.633247466186724,-10.363161214933548,-95835.00864608819,3413.3690054939007,20,10,10.272981186544177,2%,L
L049,non_operating,"{""asset_line"": ""bs_021"", ""equity_line"": ""bs_032"", ""x_mn"": 592010.3}",-7.533421793866559,-9.53209053109801,0.6767706540652116,-64285.87114124093,8533.422513734751,20,10,2.60430132274572,5%,L
L049,non_operating,"{""asset_line"": ""bs_021"", ""equity_line"": ""bs_032"", ""x_mn"": 9688588.39993249}",0.7612631793706849,-0.500095372903012,1.0655017739228905,106313.72058714554,139654.3580040639,20,10,0.3993870272515057,rule,L
L049,shares,"{""m"": 2.0}",1.0226605307569643,1.0009878227233626,1.0807349895624787,-1291217.6910146223,-1262606.3607430654,20,10,0.020343665009978595,m=2,L
L050,cash,"{""dividend_line"": ""cf_009"", ""dps_delta"": 1839.6169899201088, ""x_mn"": 82472.48554680002}",4.084041312735784,0.2813355568363412,6.538023993703173,-7513.071786444372,-1839.6169899201088,10,10,1.5960939889966408,10%,L
L050,cash,"{""dividend_line"": ""cf_009"", ""dps_delta"": 367.9233979840217, ""x_mn"": 16494.49710936}",7.092750973396956,-12.455748227003218,37.17337201066092,-2609.589039186685,-367.9233979840217,10,10,12.660489856546974,2%,L
L050,cash,"{""dividend_line"": ""cf_009"", ""dps_delta"": 919.8084949600544, ""x_mn"": 41236.24277340001}",2.0176847451706066,-5.272322289784215,7.049106519474888,-1855.8835687592364,-919.8084949600544,10,10,3.1432216350150775,5%,L
L050,non_operating,"{""asset_line"": ""bs_p00"", ""equity_line"": ""bs_026"", ""x_mn"": 16494.49710936}",2.0480895252508433,-21.903789542305034,18.772637281025435,753.540057505772,367.9233979840217,10,10,10.37663949574757,2%,L
L050,non_operating,"{""asset_line"": ""bs_p00"", ""equity_line"": ""bs_026"", ""x_mn"": 41236.24277340001}",-2.7582671301330755,-8.528683817949982,4.466407572225917,-2537.077537665493,919.8084949600544,10,10,3.315074334228546,5%,L
L050,non_operating,"{""asset_line"": ""bs_p00"", ""equity_line"": ""bs_026"", ""x_mn"": 781813.544992132}",0.9200513189852232,0.21703408613603425,1.3795295363707407,16044.772774902289,17438.997633956962,10,10,0.296554961794568,rule,L
L050,non_operating,"{""asset_line"": ""bs_p00"", ""equity_line"": ""bs_026"", ""x_mn"": 82472.48554680002}",-0.06643195106331158,-5.387167932574815,4.480602413600257,-122.20934584960924,1839.6169899201088,10,10,2.51728835361609,10%,L
L050,shares,"{""m"": 2.0}",1.0372228782606394,0.937230957455492,1.097169624710443,-65067.96310619401,-62732.86529825594,10,10,0.04080068042218137,m=2,L
M001,cash,"{""dividend_line"": ""cf_p00"", ""dps_delta"": 112.23215763388706, ""x_mn"": 7349.60892472}",-33.90003216547605,-57.71180516643829,50.34275127058078,3804.2113980761733,-112.21851883522399,20,10,27.564937866586497,2%,M
M001,cash,"{""dividend_line"": ""cf_p00"", ""dps_delta"": 280.5803940847177, ""x_mn"": 18374.0223118}",21.479024637048646,-1.5193765046885859,41.61947081377146,-6025.860826987209,-280.54629708806,20,10,11.004807989403073,5%,M
M001,cash,"{""dividend_line"": ""cf_p00"", ""dps_delta"": 561.1607881694354, ""x_mn"": 36748.0446236}",7.973676415706408,-5.561097585678021,23.31335488768744,-4473.970785209654,-561.09259417612,20,10,7.365931753409556,10%,M
M001,non_operating,"{""asset_line"": ""bs_p00"", ""equity_line"": ""bs_022"", ""x_mn"": 18374.0223118}",-10.142733048222508,-39.17192861773756,24.282011608621296,-2845.506199031516,280.54629708806,20,10,16.18722964958134,5%,M
M001,non_operating,"{""asset_line"": ""bs_p00"", ""equity_line"": ""bs_022"", ""x_mn"": 36748.0446236}",-7.166169830510539,-18.226048938424547,2.5954851236327205,-4020.8848205078043,561.09259417612,20,10,5.311615832157466,10%,M
M001,non_operating,"{""asset_line"": ""bs_p00"", ""equity_line"": ""bs_022"", ""x_mn"": 7349.60892472}",-34.037572186438425,-72.18623153299889,37.19491273064978,-3819.6459355091365,112.21851883522399,20,10,27.903353128481807,2%,M
M001,shares,"{""m"": 2.0}",2.941132305961534,1.63605312286856,4.577947238447743,-5886.613165771377,-2001.4785305099995,20,10,0.7504831927497916,m=2,M
M002,cash,"{""dividend_line"": ""cf_013"", ""dps_delta"": 2855.1567316533933, ""x_mn"": 78551.44602678}",5.301546040668904,-2.645699516205594,7.471088499822515,-15136.744866186214,-2855.1567316533933,20,10,2.5808132693949255,2%,M
M002,cash,"{""dividend_line"": ""cf_013"", ""dps_delta"": 7137.891829133483, ""x_mn"": 196378.61506695}",3.915132074180747,-1.0160932048856546,7.182711732061097,-27945.789242273182,-7137.891829133483,20,10,2.0915318716700897,5%,M
M002,non_operating,"{""asset_line"": ""bs_017"", ""equity_line"": ""bs_025"", ""x_mn"": 196378.61506695}",-1.3212294370610937,-3.624196521465565,2.036635638319917,-9430.792803209013,7137.891829133483,20,10,1.44408983667997,5%,M
M002,non_operating,"{""asset_line"": ""bs_017"", ""equity_line"": ""bs_025"", ""x_mn"": 392757.2301339}",0.19386841561326873,-0.8115267386824989,1.797974542617984,2767.62355946601,14275.783658266966,20,10,0.6656891023725723,10%,M
M002,non_operating,"{""asset_line"": ""bs_017"", ""equity_line"": ""bs_025"", ""x_mn"": 78551.44602678}",-3.1076026963333954,-16.53665882766705,5.53052567018275,-8872.69275774053,2855.1567316533933,20,10,5.629383800471889,2%,M
M002,shares,"{""m"": 2.0}",1.0341726025980185,0.6239065576234281,1.091672659002241,-53751.200020734315,-51975.076390248694,20,10,0.11932808708643187,m=2,M
M003,cash,"{""dividend_line"": ""cf_006"", ""dps_delta"": 1541.373282425536, ""x_mn"": 55439.96316770001}",58.17149959171725,-131.29324674253772,149.49659094277044,-89663.99526930094,-1541.373282425536,20,10,71.63006063400718,2%,M
M003,cash,"{""dividend_line"": ""cf_006"", ""dps_delta"": 3853.4332060638408, ""x_mn"": 138599.90791925002}",53.14448549797943,2.3372799400491857,65.94702420115883,-204788.72513709217,-3853.4332060638408,20,10,16.226975576813683,5%,M
M003,cash,"{""dividend_line"": ""cf_006"", ""dps_delta"": 7706.8664121276815, ""x_mn"": 277199.81583850004}",28.093706054993273,-1.157715726653258,34.29429014989826,-216514.43958741572,-7706.8664121276815,20,10,9.043879050140694,10%,M
M003,non_operating,"{""asset_line"": ""bs_p00"", ""equity_line"": ""bs_023"", ""x_mn"": 138599.90791925002}",-52.44052699720491,-63.526329661496334,-2.105100844628128,-202076.06807451672,3853.4332060638408,20,10,15.668680820629644,5%,M
M003,non_operating,"{""asset_line"": ""bs_p00"", ""equity_line"": ""bs_023"", ""x_mn"": 277199.81583850004}",-21.830233197375282,-28.239150337345215,3.4208878835953387,-168242.69099776624,7706.8664121276815,20,10,8.076540362484835,10%,M
M003,non_operating,"{""asset_line"": ""bs_p00"", ""equity_line"": ""bs_023"", ""x_mn"": 55439.96316770001}",-142.02646963708443,-170.0657292140175,-14.587970125049049,-218915.80569582354,1541.373282425536,20,10,39.66269364514501,2%,M
M003,shares,"{""m"": 2.0}",1.12106231809751,-0.24386234497893042,1.7285901038964566,-166799.02790727685,-148786.57967055912,20,10,0.5031766451212721,m=2,M
M004,cash,"{""dividend_line"": ""cf_009"", ""dps_delta"": 1602.1960787207595, ""x_mn"": 19855.479267900002}",-3.339344169598535,-9.77810036230879,17.538708359197244,5350.284134029804,-1602.1960787207595,10,10,6.968573653445417,10%,M
M004,cash,"{""dividend_line"": ""cf_009"", ""dps_delta"": 320.43921574415185, ""x_mn"": 3971.09585358}",13.295394092588623,-36.578276183184094,94.25854948152218,-4260.365656038528,-320.43921574415185,10,10,33.3767412409965,2%,M
M004,cash,"{""dividend_line"": ""cf_009"", ""dps_delta"": 801.0980393603797, ""x_mn"": 9927.739633950001}",2.988635675299387,-5.300245806171546,28.237706371965412,-2394.1901798448234,-801.0980393603797,10,10,8.555600045443102,5%,M
M004,non_operating,"{""asset_line"": ""bs_p00"", ""equity_line"": ""bs_022"", ""x_mn"": 19855.479267900002}",-7.903278563345602,-23.949568033034396,0.5518606580486581,-12662.601923230162,1602.1960787207595,10,10,6.250364462010983,10%,M
M004,non_operating,"{""asset_line"": ""bs_p00"", ""equity_line"": ""bs_022"", ""x_mn"": 3971.09585358}",-22.821009040566246,-90.3566169431629,73.33165248537874,-7312.746239449247,320.43921574415185,10,10,41.757211588913684,2%,M
M004,non_operating,"{""asset_line"": ""bs_p00"", ""equity_line"": ""bs_022"", ""x_mn"": 9927.739633950001}",-15.374893930028943,-57.45659997380226,11.200501755238385,-12316.79738271999,801.0980393603797,10,10,17.51456676761241,5%,M
M004,shares,"{""m"": 2.0}",0.9974312574491297,0.8211988834946918,1.4042710789002677,-53842.97280886888,-53981.63773869393,10,10,0.14874290699121834,m=2,M
M005,cash,"{""dividend_line"": ""cf_008"", ""dps_delta"": 1969.372706959177, ""x_mn"": 172389.8099284}",0.7562744325083074,-1.4399649614146663,4.085245817174648,-1489.3862263529008,-1969.372706959177,20,10,1.4094925455584988,10%,M
M005,cash,"{""dividend_line"": ""cf_008"", ""dps_delta"": 393.87454139183546, ""x_mn"": 34477.96198568}",3.139131267408282,-11.938561043218142,26.988323573540818,-1236.4238883192083,-393.87454139183546,20,10,9.930327708356877,2%,M
M005,cash,"{""dividend_line"": ""cf_008"", ""dps_delta"": 984.6863534795885, ""x_mn"": 86194.9049642}",-6.441377331143579,-10.690843077237316,2.282256486883061,6342.7363555898555,-984.6863534795885,20,10,3.3094641745205045,5%,M
M005,non_operating,"{""asset_line"": ""bs_019"", ""equity_line"": ""bs_030"", ""x_mn"": 172389.8099284}",3.363945867360181,-0.7322423110438934,5.566890499197437,6624.863178867257,1969.372706959177,20,10,1.6069216352656455,10%,M
M005,non_operating,"{""asset_line"": ""bs_019"", ""equity_line"": ""bs_030"", ""x_mn"": 34477.96198568}",11.659724905263682,-13.092816473116171,21.159397183634706,4592.468799815695,393.87454139183546,20,10,8.737809606313999,2%,M
M005,non_operating,"{""asset_line"": ""bs_019"", ""equity_line"": ""bs_030"", ""x_mn"": 86194.9049642}",1.8182982229709392,-4.5660640371368135,7.311312930647584,1790.45344671567,984.6863534795885,20,10,3.029943104026632,5%,M
M005,shares,"{""m"": 2.0}",0.8203861394255835,0.2756731001050945,1.3072613335800773,-8713.880853737348,-10621.68219935873,20,10,0.26316026364157724,m=2,M
M006,cash,"{""dividend_line"": ""cf_006"", ""dps_delta"": 1002.4546365315396, ""x_mn"": 37573.5776408}",-3.8839943798382848,-82.18144199332312,44.53307210130445,3809.624315802881,-980.8521700182017,10,10,32.32513114658867,2%,M
M006,cash,"{""dividend_line"": ""cf_006"", ""dps_delta"": 2506.136591328849, ""x_mn"": 93933.94410200001}",-25.915575959517284,-34.24154476388691,3.8352176694047486,63548.37229291018,-2452.1304250455046,10,10,9.713459804411137,5%,M
M006,cash,"{""dividend_line"": ""cf_006"", ""dps_delta"": 5012.273182657698, ""x_mn"": 187867.88820400002}",-11.084515837654056,-15.592611539371836,-2.1619630066324085,54361.357064820535,-4904.260850091009,10,10,3.4261858501886295,10%,M
M006,non_operating,"{""asset_line"": ""bs_p00"", ""equity_line"": ""bs_028"", ""x_mn"": 1629636.6532054115}",2.201601239181405,1.127019441689619,2.9344823610675514,93659.20199108054,42541.40137834621,10,35,0.46108747943314604,rule,M
M006,non_operating,"{""asset_line"": ""bs_p00"", ""equity_line"": ""bs_028"", ""x_mn"": 187867.88820400002}",0.9725859845539954,-8.05003044966919,12.883482628152837,4769.815367395378,4904.260850091009,10,35,5.34018190760766,10%,M
M006,non_operating,"{""asset_line"": ""bs_p00"", ""equity_line"": ""bs_028"", ""x_mn"": 37573.5776408}",59.21003079063653,16.700765955819268,81.7270460668542,58076.28718784038,980.8521700182017,10,35,16.588336763019118,2%,M
M006,non_operating,"{""asset_line"": ""bs_p00"", ""equity_line"": ""bs_028"", ""x_mn"": 93933.94410200001}",16.039768730309355,-1.6224796395463057,29.03966889350645,39331.60491428507,2452.1304250455046,10,35,7.821976666595091,5%,M
M006,shares,"{""m"": 2.0}",0.9887158804129047,0.7589905384513643,1.2913855520285233,-108691.59802086864,-109932.0848123499,10,10,0.13581505448396913,m=2,M
M007,cash,"{""dividend_line"": ""cf_p00"", ""dps_delta"": 1588.164895979957, ""x_mn"": 92119.0987215}",4.702717272876592,-0.6539284912201253,9.382534294829076,-7347.345599419248,-1562.3617523842702,20,10,2.5603221392982656,10%,M
M007,cash,"{""dividend_line"": ""cf_p00"", ""dps_delta"": 317.6329791959914, ""x_mn"": 18423.8197443}",15.65506435111358,0.5977141049315468,37.691194103649806,-4891.774754658865,-312.472350476854,20,10,9.462622448652617,2%,M
M007,cash,"{""dividend_line"": ""cf_p00"", ""dps_delta"": 794.0824479899785, ""x_mn"": 46059.54936075}",10.713260796971932,2.671623297103236,20.19386352813612,-8368.994456253386,-781.1808761921351,20,10,4.46995924261043,5%,M
M007,non_operating,"{""asset_line"": ""bs_013"", ""equity_line"": ""bs_024"", ""x_mn"": 18423.8197443}",-21.147163046464733,-45.75753493744621,0.20036451850209722,-6607.903743046103,312.472350476854,20,10,11.723953942843956,2%,M
M007,non_operating,"{""asset_line"": ""bs_013"", ""equity_line"": ""bs_024"", ""x_mn"": 46059.54936075}",-7.010842709987468,-18.121663749846842,10.40472366475031,-5476.736251033253,781.1808761921351,20,10,7.277139646580906,5%,M
M007,non_operating,"{""asset_line"": ""bs_013"", ""equity_line"": ""bs_024"", ""x_mn"": 92119.0987215}",-2.9939984318140405,-7.147924106445245,9.009406915499705,-4677.708636564741,1562.3617523842702,20,10,4.121768117843099,10%,M
M007,shares,"{""m"": 2.0}",1.0311441475003609,0.8241979439248357,1.2785551419979426,-25382.52116497247,-24615.88055026379,20,10,0.11590744848803748,m=2,M
M008,cash,"{""dividend_line"": ""cf_p00"", ""dps_delta"": 305.7593954250156, ""x_mn"": 9936.87336888}",2.7067299156746802,-18.323525114698786,27.997022651449143,-827.30873486358,-305.64879416769026,10,10,11.816466266874471,2%,M
M008,cash,"{""dividend_line"": ""cf_p00"", ""dps_delta"": 764.3984885625391, ""x_mn"": 24842.183422200003}",0.8099711536207755,-6.8560423040273575,9.369313202889487,-618.9167660370076,-764.1219854192257,10,10,4.139121302784909,5%,M
M008,non_operating,"{""asset_line"": ""bs_p00"", ""equity_line"": ""bs_017"", ""x_mn"": 24842.183422200003}",2.187913114313643,-5.963561847540642,16.66061944722834,1671.832512834102,764.1219854192257,10,10,5.771474820094128,5%,M
M008,non_operating,"{""asset_line"": ""bs_p00"", ""equity_line"": ""bs_017"", ""x_mn"": 49684.36684440001}",1.2588175229753578,-2.4147977925512807,3.8348788109519907,1923.7802898728842,1528.2439708384513,10,10,1.5943052559957325,10%,M
M008,non_operating,"{""asset_line"": ""bs_p00"", ""equity_line"": ""bs_017"", ""x_mn"": 9936.87336888}",0.474448431101502,-16.576794499581307,14.645968697937528,145.01459086092655,305.64879416769026,10,10,7.964990611611949,2%,M
M008,shares,"{""m"": 2.0}",1.4212323434784355,0.5543373288168569,2.3075204791734576,-7550.831784289158,-5312.876405421974,10,10,0.4472405995807655,m=2,M
M009,cash,"{""dividend_line"": ""cf_003"", ""dps_delta"": 1912.6322000675304, ""x_mn"": 48714.74213572}",1.0267037644053387,-14.426922983145614,11.404289073697294,-1938.5895012705078,-1888.1682998341087,10,10,6.589594912459925,2%,M
M009,cash,"{""dividend_line"": ""cf_003"", ""dps_delta"": 4781.580500168826, ""x_mn"": 121786.8553393}",-1.8670751386569289,-19.27626290651318,1.7125441830642234,8813.380225550965,-4720.420749585272,10,10,5.354287522851378,5%,M
M009,non_operating,"{""asset_line"": ""bs_015"", ""equity_line"": ""bs_024"", ""x_mn"": 121786.8553393}",3.322624528316849,-0.9103252533057115,13.216652055198994,15684.185766547831,4720.420749585272,10,10,3.6038207419654857,5%,M
M009,non_operating,"{""asset_line"": ""bs_015"", ""equity_line"": ""bs_024"", ""x_mn"": 243573.7106786}",2.8815621166397936,1.3842517184439471,10.410749088819012,27204.371213210674,9440.841499170543,10,10,2.3026779006058837,10%,M
M009,non_operating,"{""asset_line"": ""bs_015"", ""equity_line"": ""bs_024"", ""x_mn"": 48714.74213572}",2.961789766991388,-21.497094092053842,12.433139892538163,5592.357548806191,1888.1682998341087,10,10,8.6556719348449,2%,M
M009,shares,"{""m"": 2.0}",0.7312513918974789,-0.5636033996520311,1.2737230848308123,-21759.756455320938,-29756.87526400175,10,10,0.46870573583746006,m=2,M
M010,cash,"{""dividend_line"": ""cf_013"", ""dps_delta"": 1270.2862443797703, ""x_mn"": 93419.29190185001}",-0.699860968876207,-7.664697845872586,5.288494058013087,889.0237617417442,-1270.2862443797703,10,10,3.3043856897667534,5%,M
M010,cash,"{""dividend_line"": ""cf_013"", ""dps_delta"": 508.1144977519082, ""x_mn"": 37367.716760740004}",3.616051541817879,-32.559579732395434,13.28248149738313,-1837.368213015805,-508.1144977519082,10,10,11.694403374943512,2%,M
M010,non_operating,"{""asset_line"": ""bs_p00"", ""equity_line"": ""bs_025"", ""x_mn"": 186838.58380370002}",1.7326399475677194,-2.9400303988722984,8.269108336660455,4401.897383716321,2540.5724887595406,10,10,2.8594741672277433,10%,M
M010,non_operating,"{""asset_line"": ""bs_p00"", ""equity_line"": ""bs_025"", ""x_mn"": 37367.716760740004}",16.40686038902299,-1.5655801634538526,33.87711705507302,8336.563626254094,508.1144977519082,10,10,9.041504392481345,2%,M
M010,non_operating,"{""asset_line"": ""bs_p00"", ""equity_line"": ""bs_025"", ""x_mn"": 93419.29190185001}",0.3203340104062727,-3.065162910311843,7.973817318669646,406.9158870260944,1270.2862443797703,10,10,2.816066384944257,5%,M
M010,shares,"{""m"": 2.0}",1.343037355998338,0.4954300151607127,1.6639753374255526,-15108.807022310517,-11249.729543881142,10,10,0.2980982964961326,m=2,M
M011,cash,"{""dividend_line"": ""cf_006"", ""dps_delta"": 1845.767116413715, ""x_mn"": 36474.403330299996}",21.53061977796807,11.313602386797248,21.632039825184318,-37973.24838875499,-1763.6858009824869,20,10,2.6322544485681303,10%,M
M011,cash,"{""dividend_line"": ""cf_006"", ""dps_delta"": 369.153423282743, ""x_mn"": 7294.880666059999}",0.8658560899192543,-43.69424512616693,23.145808186833516,-305.41961829696083,-352.73716019649737,20,10,17.051034008418483,2%,M
M011,cash,"{""dividend_line"": ""cf_006"", ""dps_delta"": 922.8835582068575, ""x_mn"": 18237.201665149998}",0.8883133760568378,-16.227316758892602,21.396333250395347,-783.3528440871305,-881.8429004912434,20,10,9.59786990032856,5%,M
M011,non_operating,"{""asset_line"": ""bs_p00"", ""equity_line"": ""bs_021"", ""x_mn"": 18237.201665149998}",1.085777753005376,0.8404562962303215,18.984078620791472,957.4854029991257,881.8429004912434,20,10,4.628475082796212,5%,M
M011,non_operating,"{""asset_line"": ""bs_p00"", ""equity_line"": ""bs_021"", ""x_mn"": 36474.403330299996}",0.672168851338041,-16.061068482260715,11.374249645518193,1185.494658967611,1763.6858009824869,20,10,6.998805644841558,10%,M
M011,non_operating,"{""asset_line"": ""bs_p00"", ""equity_line"": ""bs_021"", ""x_mn"": 7294.880666059999}",-3.0635142823523873,-88.06008400950581,30.577474061927578,-1080.6153281783918,352.73716019649737,20,10,30.26468318148811,2%,M
M011,shares,"{""m"": 2.0}",0.9983266438469116,0.6056330797107025,1.0042022500113719,-40037.824907845774,-40104.934747174164,20,10,0.10167580875017077,m=2,M
M012,cash,"{""dividend_line"": ""cf_020"", ""dps_delta"": 2092.840998705183, ""x_mn"": 62209.0038633}",0.2899723300214764,-8.018438144811011,9.47295734886644,-606.8659807590157,-2092.840998705183,10,10,4.462090687162616,5%,M
M012,cash,"{""dividend_line"": ""cf_020"", ""dps_delta"": 4185.681997410366, ""x_mn"": 124418.0077266}",-0.37099536618979884,-3.6814835971419564,1.829904391649262,1552.8686253833075,-4185.681997410366,10,10,1.4059663236712292,10%,M
M012,cash,"{""dividend_line"": ""cf_020"", ""dps_delta"": 837.1363994820734, ""x_mn"": 24883.60154532}",-122.99914294746922,-149.67730739872303,-59.7289502277753,102967.05966642525,-837.1363994820734,10,10,22.946009482384625,2%,M
M012,non_operating,"{""asset_line"": ""bs_p00"", ""equity_line"": ""bs_024"", ""x_mn"": 124418.0077266}",-0.7280135259207253,-2.9066737132690363,3.359208693367642,-3047.2331093176253,4185.681997410366,10,10,1.5984393894481324,10%,M
M012,non_operating,"{""asset_line"": ""bs_p00"", ""equity_line"": ""bs_024"", ""x_mn"": 24883.60154532}",23.306277606297304,9.404214547405205,37.7470936727307,19510.533320665403,837.1363994820734,10,10,7.230326307480994,2%,M
M012,non_operating,"{""asset_line"": ""bs_p00"", ""equity_line"": ""bs_024"", ""x_mn"": 62209.0038633}",-0.5080017303587041,-4.8945255021315734,5.536340277554162,-1063.1668487078714,2092.840998705183,10,10,2.660935147879014,5%,M
M012,shares,"{""m"": 2.0}",0.6276587935104214,-0.44631475626742373,1.3963773706275364,-6726.940652332363,-10717.512001559604,10,10,0.4700745221670817,m=2,M
M013,cash,"{""dividend_line"": ""cf_007"", ""dps_delta"": 172.6048067691829, ""x_mn"": 17029.996472900002}",6.471396876452339,-1.5619242175757433,10.099651472827428,-1116.9942073867496,-172.6048067691829,20,10,2.9748917577559113,5%,M
M013,cash,"{""dividend_line"": ""cf_007"", ""dps_delta"": 345.2096135383658, ""x_mn"": 34059.992945800004}",3.9924564512473686,1.4187539028010934,6.337387434087331,-1378.2343486038594,-345.2096135383658,20,10,1.2547534518587342,10%,M
M013,cash,"{""dividend_line"": ""cf_007"", ""dps_delta"": 69.04192270767314, ""x_mn"": 6811.99858916}",2.5483670018116378,-19.735203610328217,17.05684126101185,-175.94415756986382,-69.04192270767314,20,10,9.385725732484712,2%,M
M013,non_operating,"{""asset_line"": ""bs_013"", ""equity_line"": ""bs_021"", ""x_mn"": 17029.996472900002}",-3.783879186848458,-8.329964806669034,7.853297617188058,-653.1157358839109,172.6048067691829,20,10,4.128383271392116,5%,M
M013,non_operating,"{""asset_line"": ""bs_013"", ""equity_line"": ""bs_021"", ""x_mn"": 34059.992945800004}",-2.1841213977096734,-4.014401681481256,0.8522837790485398,-753.9797036242317,345.2096135383658,20,10,1.241501392992295,10%,M
M013,non_operating,"{""asset_line"": ""bs_013"", ""equity_line"": ""bs_021"", ""x_mn"": 6811.99858916}",-6.891129807066726,-19.487462045912526,13.262911291098495,-475.77685150804336,69.04192270767314,20,10,8.354687075768117,2%,M
M013,shares,"{""m"": 2.0}",1.1889998469766674,0.3550570590456806,1.7180796995256762,-1801.0316663277215,-1514.7450783171248,20,10,0.347709857265305,m=2,M
M014,cash,"{""dividend_line"": ""cf_p00"", ""dps_delta"": 146.7128275092715, ""x_mn"": 29690.99555646}",-9.681650941350583,-21.65793715868362,14.746235685965917,1420.4223845633442,-146.7128275092715,10,10,9.286778786900392,2%,M
M014,non_operating,"{""asset_line"": ""bs_p00"", ""equity_line"": ""bs_021"", ""x_mn"": 148454.9777823}",-1.2403273924968024,-4.348707833071694,1.4056605215905515,-909.8596939520394,733.5641375463576,10,10,1.467951110883226,10%,M
M014,non_operating,"{""asset_line"": ""bs_p00"", ""equity_line"": ""bs_021"", ""x_mn"": 29690.99555646}",-3.739808945369511,-23.589356372746387,21.20348115122031,-548.6779447196277,146.7128275092715,10,10,11.426744266318035,2%,M
M014,non_operating,"{""asset_line"": ""bs_p00"", ""equity_line"": ""bs_021"", ""x_mn"": 74227.48889115}",-3.2502467927940293,-10.085383044525853,1.4158036662080336,-1192.1322426843835,366.7820687731788,10,9,2.933976201717828,5%,M
M014,shares,"{""m"": 2.0}",1.1108448987341046,0.8202339190575045,1.4169261046372277,-7744.049752078918,-6971.315042184442,10,10,0.15221739428054162,m=2,M
M016,cash,"{""dividend_line"": ""cf_004"", ""dps_delta"": 1343.8303089272, ""x_mn"": 26511.97260635}",-0.5502936236395602,-1.6387771481005056,1.2922750075426932,705.1300975524209,-1281.3706487979912,20,10,0.7477173866436733,5%,M
M016,cash,"{""dividend_line"": ""cf_004"", ""dps_delta"": 537.53212357088, ""x_mn"": 10604.78904254}",-9.579982415736843,-21.257618196704374,5.995178003778097,4910.203313410428,-512.5482595191966,20,10,6.952243928694508,2%,M
M016,non_operating,"{""asset_line"": ""bs_p00"", ""equity_line"": ""bs_020"", ""x_mn"": 10604.78904254}",4.553661326223944,-1.3882518001618962,9.906892715164512,2333.971187195959,512.5482595191966,20,35,2.881414417175104,2%,M
M016,non_operating,"{""asset_line"": ""bs_p00"", ""equity_line"": ""bs_020"", ""x_mn"": 137427.9163049469}",1.1330079552372003,0.651214662998274,1.247255665875152,7525.591671293725,6642.134891028376,20,35,0.1520512762441015,rule,M
M016,non_operating,"{""asset_line"": ""bs_p00"", ""equity_line"": ""bs_020"", ""x_mn"": 26511.97260635}",3.086325384932247,0.3663436137231895,6.094304296983323,3954.726760892343,1281.3706487979912,20,35,1.4612144600153403,5%,M
M016,non_operating,"{""asset_line"": ""bs_p00"", ""equity_line"": ""bs_020"", ""x_mn"": 53023.9452127}",1.029014138930542,0.2573486826846808,1.9686276492356611,2637.0970296474698,2562.7412975959824,20,35,0.43655075677320926,10%,M
M016,shares,"{""m"": 2.0}",0.871963564170318,0.760738068808072,1.0252242052829146,-14908.01899923609,-17097.06645073091,20,10,0.0674709531823578,m=2,M
M017,cash,"{""dividend_line"": ""cf_009"", ""dps_delta"": 1066.2133961344314, ""x_mn"": 15409.909711819999}",-3.8020764319475253,-40.12845185161248,26.560514455816072,4021.6415240230563,-1057.7487317799826,10,10,17.012491404956265,2%,M
M017,cash,"{""dividend_line"": ""cf_009"", ""dps_delta"": 2665.5334903360786, ""x_mn"": 38524.77427955}",-1.6977562593368312,-15.667956882547598,13.472405562569005,4489.498825462651,-2644.3718294499567,10,10,7.433765929876684,5%,M
M017,cash,"{""dividend_line"": ""cf_009"", ""dps_delta"": 5331.066980672157, ""x_mn"": 77049.5485591}",2.3667208005786966,-4.570520036688947,10.718880126866122,-12516.979626447108,-5288.7436588999135,10,10,3.9003571845803746,10%,M
M017,non_operating,"{""asset_line"": ""bs_p00"", ""equity_line"": ""bs_022"", ""x_mn"": 15409.909711819999}",15.383728433547104,-18.062212552468953,48.075675601950024,16272.119240632106,1057.7487317799826,10,10,16.87191024347423,2%,M
M017,non_operating,"{""asset_line"": ""bs_p00"", ""equity_line"": ""bs_022"", ""x_mn"": 38524.77427955}",5.5390941736506125,-8.854770033278188,18.665963950409132,14647.424593472067,2644.3718294499567,10,10,7.020595404001868,5%,M
M017,non_operating,"{""asset_line"": ""bs_p00"", ""equity_line"": ""bs_022"", ""x_mn"": 77049.5485591}",-0.6183180777260716,-6.375708282113985,15.499849822337563,-3270.1258127569454,5288.7436588999135,10,10,5.580499516441722,10%,M
M017,shares,"{""m"": 2.0}",1.0104094626862077,0.33682331581372926,1.595571911865764,-50369.904688851195,-49850.98274410564,10,10,0.3211093357275599,m=2,M
M018,cash,"{""dividend_line"": ""cf_009"", ""dps_delta"": 14855.124037434629, ""x_mn"": 91746.7315676}",3.130685308061351,-5.396880520512303,4.364713909185416,-46506.718573425605,-14855.124037434629,20,10,2.4902026606371734,5%,M
M018,cash,"{""dividend_line"": ""cf_009"", ""dps_delta"": 5942.049614973851, ""x_mn"": 36698.69262704}",-6.986114622748993,-13.057852612128794,0.10310538717559083,41511.839704268845,-5942.049614973851,20,10,3.357387244720506,2%,M
M018,non_operating,"{""asset_line"": ""bs_p00"", ""equity_line"": ""bs_022"", ""x_mn"": 183493.4631352}",1.8787441280856725,0.6241731672109129,3.1377902079849935,55817.954114629276,29710.248074869258,20,10,0.6412288369321634,10%,M
M018,non_operating,"{""asset_line"": ""bs_p00"", ""equity_line"": ""bs_022"", ""x_mn"": 36698.69262704}",-4.590625554545601,-9.380307489888942,9.168224495301278,-27277.72480887681,5942.049614973851,20,10,4.731768363568934,2%,M
M018,non_operating,"{""asset_line"": ""bs_p00"", ""equity_line"": ""bs_022"", ""x_mn"": 91746.7315676}",2.697926529059932,-0.009840699448355524,5.6650680174379255,40078.033233070775,14855.124037434629,20,10,1.4476807951240513,5%,M
M018,shares,"{""m"": 2.0}",0.779724489256703,-0.04779645200085868,1.3188672877474767,-49046.87183538404,-62902.82338334598,20,10,0.3486387091194733,m=2,M
M019,cash,"{""dividend_line"": ""cf_004"", ""dps_delta"": 1088.1891868356163, ""x_mn"": 15887.5621278}",-3.5403922267152836,-16.899246428488297,9.31458208045218,3852.616538268441,-1088.1891868356163,10,10,6.687201150239917,2%,M
M019,non_operating,"{""asset_line"": ""bs_p00"", ""equity_line"": ""bs_020"", ""x_mn"": 15887.5621278}",7.634126054000679,-3.379260937050025,23.95234193687988,8307.37342290359,1088.1891868356163,10,10,6.972347671920894,2%,M
M019,non_operating,"{""asset_line"": ""bs_p00"", ""equity_line"": ""bs_020"", ""x_mn"": 39718.9053195}",-0.10581281842415562,-3.8917328670493725,5.361425656514873,-287.86091209441656,2720.472967089041,10,10,2.360499623358226,5%,M
M019,non_operating,"{""asset_line"": ""bs_p00"", ""equity_line"": ""bs_020"", ""x_mn"": 79437.810639}",1.2006722633655056,-1.1121589275741381,4.199220415925964,6532.792869638943,5440.945934178082,10,10,1.354943710076557,10%,M
M019,shares,"{""m"": 2.0}",0.9497769720032069,0.6175321531063364,1.1985619181142508,-41406.11674565218,-43595.62083119486,10,10,0.14822187882854962,m=2,M
M020,cash,"{""dividend_line"": ""cf_014"", ""dps_delta"": 155.88010624553576, ""x_mn"": 16718.9722358}",3.397524831183898,-1.4389319068645612,6.591945304532846,-529.606531656792,-155.88010624553576,20,10,2.0486931661728076,5%,M
M020,cash,"{""dividend_line"": ""cf_014"", ""dps_delta"": 311.7602124910715, ""x_mn"": 33437.9444716}",4.257643471328219,1.4804081657864816,6.144688579785114,-1327.3638333325089,-311.7602124910715,20,10,1.1898674525506716,10%,M
M020,cash,"{""dividend_line"": ""cf_014"", ""dps_delta"": 62.3520424982143, ""x_mn"": 6687.58889432}",-1.776539209102609,-11.680731406509237,9.790310141492363,110.7708482657099,-62.3520424982143,20,10,5.477306517347348,2%,M
M020,non_operating,"{""asset_line"": ""bs_016"", ""equity_line"": ""bs_023"", ""x_mn"": 16718.9722358}",3.8018808642962925,0.723210325262711,7.6678464156545045,592.6375930593754,155.88010624553576,20,10,1.7715908393856616,5%,M
M020,non_operating,"{""asset_line"": ""bs_016"", ""equity_line"": ""bs_023"", ""x_mn"": 33437.9444716}",2.653978522761362,1.0481837656776791,4.6706288918327985,827.4049082028223,311.7602124910715,20,10,0.9240931444273264,10%,M
M020,non_operating,"{""asset_line"": ""bs_016"", ""equity_line"": ""bs_023"", ""x_mn"": 6687.58889432}",5.43698645189052,-2.0065687689594753,15.756800705078474,339.00721031049306,62.3520424982143,20,10,4.5314718046015185,2%,M
M020,shares,"{""m"": 2.0}",0.6921150693902237,0.11821023664966777,1.0877881535946263,-733.4696674134593,-1059.7510440852998,20,10,0.24734130534310167,m=2,M
M021,cash,"{""dividend_line"": ""cf_009"", ""dps_delta"": 1121.5416202688014, ""x_mn"": 36475.95195}",24.24310042777327,-11.862937223759017,46.2015087674666,-26944.173912621,-1111.4161735581204,10,10,14.812358671231026,5%,M
M021,cash,"{""dividend_line"": ""cf_009"", ""dps_delta"": 448.6166481075206, ""x_mn"": 14590.38078}",31.485715916997417,-18.1175002952813,84.42424376437641,-13997.493562482909,-444.5664694232481,10,10,26.158608178484112,2%,M
M021,non_operating,"{""asset_line"": ""bs_p00"", ""equity_line"": ""bs_022"", ""x_mn"": 14590.38078}",23.600130053691892,-49.655504063641466,73.00793489304087,10491.826495899295,444.5664694232481,10,10,31.291693611398557,2%,M
M021,non_operating,"{""asset_line"": ""bs_p00"", ""equity_line"": ""bs_022"", ""x_mn"": 36475.95195}",9.300304287653852,-28.02980040168236,30.778305577288425,10336.508604310424,1111.4161735581204,10,10,15.002067851778262,5%,M
M021,non_operating,"{""asset_line"": ""bs_p00"", ""equity_line"": ""bs_022"", ""x_mn"": 72951.9039}",4.066304213552887,-12.069870248814615,13.65061114537153,9038.712539100423,2222.8323471162407,10,10,6.561347294435241,10%,M
M021,shares,"{""m"": 2.0}",1.3359734154302403,0.31849597869046,2.039252584584761,-40442.832727550645,-30272.183757882885,10,10,0.43896852191181146,m=2,M
M022,cash,"{""dividend_line"": ""cf_038"", ""dps_delta"": 196.82813719395597, ""x_mn"": 3974.5598252800005}",-0.5912186071130048,-5.853735975789601,8.43075869222671,116.34182179376876,-196.7830856371057,20,10,3.644003741840896,2%,M
M022,cash,"{""dividend_line"": ""cf_038"", ""dps_delta"": 492.07034298488986, ""x_mn"": 9936.3995632}",1.997966936617293,-2.110872957942948,5.4394050566769785,-982.9152469711662,-491.9577140927642,20,10,1.9260913302601854,5%,M
M022,cash,"{""dividend_line"": ""cf_038"", ""dps_delta"": 984.1406859697797, ""x_mn"": 19872.7991264}",2.2866589807990216,1.8456088795603844,3.620537823387997,-2249.8790502071533,-983.9154281855284,20,10,0.45278799587439095,10%,M
M022,non_operating,"{""asset_line"": ""bs_p00"", ""equity_line"": ""bs_020"", ""x_mn"": 19872.7991264}",0.05620980523123843,-2.0299767169569627,1.372988185706103,55.30569458231912,983.9154281855284,20,20,0.8681032914956801,10%,M
M022,non_operating,"{""asset_line"": ""bs_p00"", ""equity_line"": ""bs_020"", ""x_mn"": 3974.5598252800005}",-2.7261040035261597,-13.76798448987783,2.776098684537381,-536.451157581545,196.7830856371057,20,20,4.22042938122837,2%,M
M022,non_operating,"{""asset_line"": ""bs_p00"", ""equity_line"": ""bs_020"", ""x_mn"": 43102.817061606744}",0.4571023033635584,-0.25931770390030373,1.2150670248882733,975.4787042425451,2134.048979986639,20,20,0.37611855326239213,rule,M
M022,non_operating,"{""asset_line"": ""bs_p00"", ""equity_line"": ""bs_020"", ""x_mn"": 9936.3995632}",1.7698733078275195,-0.7973346407205958,6.546270007828987,870.7028267526257,491.9577140927642,20,20,1.873368532793261,5%,M
M022,shares,"{""m"": 2.0}",1.0042548009608205,0.8383415716901961,1.2654288562917573,-5842.483441859467,-5817.730157993443,20,10,0.10895083790856153,m=2,M
M024,cash,"{""dividend_line"": ""cf_012"", ""dps_delta"": 1320.1092378977505, ""x_mn"": 65557.9105404}",0.9877467751673391,-1.4409379913230012,1.3176929228515277,-1235.2835462932298,-1250.6075214307375,20,10,0.7037323760649309,10%,M
M024,cash,"{""dividend_line"": ""cf_012"", ""dps_delta"": 264.0218475795501, ""x_mn"": 13111.582108080001}",0.816531451574331,-0.9561575845215521,5.7794338841509125,-204.23207496472332,-250.12150428614754,20,10,1.718263129763384,2%,M
M024,cash,"{""dividend_line"": ""cf_012"", ""dps_delta"": 660.0546189488753, ""x_mn"": 32778.9552702}",0.9374219379949642,-5.262209679548876,1.5594756170013033,-586.1734632053403,-625.3037607153688,20,10,1.7402258409566784,5%,M
M024,non_operating,"{""asset_line"": ""bs_p00"", ""equity_line"": ""bs_025"", ""x_mn"": 13111.582108080001}",14.153983680324119,-0.6309565368852721,19.052036235427284,3540.2156897642517,250.12150428614754,20,10,5.021171625589938,2%,M
M024,non_operating,"{""asset_line"": ""bs_p00"", ""equity_line"": ""bs_025"", ""x_mn"": 32778.9552702}",1.7201117813877376,1.4841900732476097,1.7918511576758338,1075.5923657525645,625.3037607153688,20,10,0.07848497051740412,5%,M
M024,non_operating,"{""asset_line"": ""bs_p00"", ""equity_line"": ""bs_025"", ""x_mn"": 65557.9105404}",1.6987741561136456,-0.6080151867592283,4.393664330568401,2124.499736847879,1250.6075214307375,20,10,1.2759386523794973,10%,M
M024,shares,"{""m"": 2.0}",1.005504545582408,0.918083098403583,1.3016030600557098,-3382.026249639611,-3363.511646464686,20,10,0.09783672491125683,m=2,M
M025,cash,"{""dividend_line"": ""cf_010"", ""dps_delta"": 1217.956517979664, ""x_mn"": 67033.73859200001}",2.0608402513684285,-0.7197903784449232,3.534312183079419,-2510.0138166690267,-1217.956517979664,20,10,1.085230245286822,10%,M
M025,cash,"{""dividend_line"": ""cf_010"", ""dps_delta"": 243.59130359593283, ""x_mn"": 13406.747718400002}",8.877581539552146,-12.76633045666348,17.264520169290613,-2162.5016599986957,-243.59130359593283,20,10,7.660931282131147,2%,M
M025,cash,"{""dividend_line"": ""cf_010"", ""dps_delta"": 608.978258989832, ""x_mn"": 33516.869296000004}",-1.8943222607299768,-6.471518522597612,0.8980755624464825,1153.601072305024,-608.978258989832,20,10,1.8799984910826772,5%,M
M025,non_operating,"{""asset_line"": ""bs_025"", ""equity_line"": ""bs_029"", ""x_mn"": 13406.747718400002}",8.06335701089384,-13.225187987917039,21.031136105034513,1964.1636456430351,243.59130359593283,20,10,8.738858186977437,2%,M
M025,non_operating,"{""asset_line"": ""bs_025"", ""equity_line"": ""bs_029"", ""x_mn"": 33516.869296000004}",-3.141591885477145,-5.783714258116744,5.82475597203615,-1913.1611568744556,608.978258989832,20,10,2.961344446467575,5%,M
M025,non_operating,"{""asset_line"": ""bs_025"", ""equity_line"": ""bs_029"", ""x_mn"": 67033.73859200001}",-1.061288271922266,-2.333407425044427,1.0017461837569783,-1292.602968243098,1217.956517979664,20,10,0.8508044920411748,10%,M
M025,shares,"{""m"": 2.0}",0.7584064653632862,0.055715439584967406,1.316284710422519,-3398.9778258053393,-4481.736352520658,20,10,0.32157379358100807,m=2,M
M026,cash,"{""dividend_line"": ""cf_014"", ""dps_delta"": 14443.448129099179, ""x_mn"": 23754.98026}",21.238563058507385,-16.08849597328614,50.27766990651342,-306758.0838721534,-14443.448129099179,10,10,16.930144357091724,2%,M
M026,cash,"{""dividend_line"": ""cf_014"", ""dps_delta"": 36108.62032274795, ""x_mn"": 59387.450650000006}",2.498703592003478,-7.278928489384555,10.937029018111955,-90224.73930274008,-36108.62032274795,10,10,4.646927935585845,5%,M
M026,cash,"{""dividend_line"": ""cf_014"", ""dps_delta"": 72217.2406454959, ""x_mn"": 118774.90130000001}",3.3279686155022383,-1.7205091213763397,7.3663863008615795,-240336.71036638296,-72217.2406454959,10,10,2.3180855668974285,10%,M
M026,non_operating,"{""asset_line"": ""bs_018"", ""equity_line"": ""bs_025"", ""x_mn"": 118774.90130000001}",-1.7542814678860417,-5.781456906117837,4.142591572615194,-126689.36692626006,72217.2406454959,10,10,2.531645020084957,10%,M
M026,non_operating,"{""asset_line"": ""bs_018"", ""equity_line"": ""bs_025"", ""x_mn"": 23754.98026}",-15.191404344697414,-33.68582026960453,17.071900689685602,-219416.260660809,14443.448129099179,10,10,12.948398203900542,2%,M
M026,non_operating,"{""asset_line"": ""bs_018"", ""equity_line"": ""bs_025"", ""x_mn"": 59387.450650000006}",-2.6643265331489983,-14.462260763369137,8.78487697866723,-96205.15520130051,36108.62032274795,10,10,5.930392281131726,5%,M
M026,shares,"{""m"": 2.0}",1.2871429501664033,0.45579119695695924,1.9372930811074043,-600675.7504542293,-466673.69026616134,10,10,0.3779341541200115,m=2,M
M027,cash,"{""dividend_line"": ""cf_008"", ""dps_delta"": 1346.8339834427256, ""x_mn"": 36342.84699416}",1.9601885788352116,-7.559019173830421,12.308156556635353,-2638.475318529927,-1346.031370154074,10,10,5.068157074098412,2%,M
M027,cash,"{""dividend_line"": ""cf_008"", ""dps_delta"": 3367.084958606814, ""x_mn"": 90857.1174854}",-0.2340316873971886,-3.4124192676607197,2.9950303301719754,787.5349821167692,-3365.078425385185,10,10,1.6345534688348713,5%,M
M027,cash,"{""dividend_line"": ""cf_008"", ""dps_delta"": 6734.169917213628, ""x_mn"": 181714.2349708}",2.3010050335950196,0.8054318111836654,4.00338157521826,-15486.124790506627,-6730.15685077037,10,10,0.8158035112333148,10%,M
M027,non_operating,"{""asset_line"": ""bs_p00"", ""equity_line"": ""bs_025"", ""x_mn"": 181714.2349708}",1.800161858210084,0.01984862178524447,3.3047781737381032,12115.371662528116,6730.15685077037,10,10,0.8379922326410355,10%,M
M027,non_operating,"{""asset_line"": ""bs_p00"", ""equity_line"": ""bs_025"", ""x_mn"": 36342.84699416}",4.259623918823014,-4.8612831201805635,11.315762892237196,5733.587419794407,1346.031370154074,10,10,4.126797452147388,2%,M
M027,non_operating,"{""asset_line"": ""bs_p00"", ""equity_line"": ""bs_025"", ""x_mn"": 90857.1174854}",2.1338004688731846,-1.3241957563784061,5.162083708365616,7180.405921881946,3365.078425385185,10,10,1.6546631287612303,5%,M
M027,shares,"{""m"": 2.0}",0.8993612214075994,0.359487906378361,1.440850055191049,-16350.702157887441,-18180.350418374488,10,10,0.27585769102364494,m=2,M
M028,cash,"{""dividend_line"": ""cf_p00"", ""dps_delta"": 212.77954885323499, ""x_mn"": 41231.83136465}",2.633068649750953,-8.271767220813938,6.453589492088174,-560.0250745272724,-212.6891277902086,20,10,3.7564685492097225,5%,M
M028,cash,"{""dividend_line"": ""cf_p00"", ""dps_delta"": 85.11181954129398, ""x_mn"": 16492.73254586}",14.487238351693403,-13.581354373328793,19.82358846262132,-1232.5112356442116,-85.07565111608343,20,10,8.521669090803599,2%,M
M028,non_operating,"{""asset_line"": ""bs_p00"", ""equity_line"": ""bs_023"", ""x_mn"": 16492.73254586}",-7.1139995422242075,-25.318667236199644,17.453980456177067,-605.2281430942439,85.07565111608343,20,10,10.911389717443038,2%,M
M028,non_operating,"{""asset_line"": ""bs_p00"", ""equity_line"": ""bs_023"", ""x_mn"": 41231.83136465}",-1.2728776334997587,-5.089348322719387,9.074574005468865,-270.7272336527285,212.6891277902086,20,10,3.6132454918847583,5%,M
M028,non_operating,"{""asset_line"": ""bs_p00"", ""equity_line"": ""bs_023"", ""x_mn"": 82463.6627293}",0.3691005339047302,-2.2875907310936197,5.214884821703755,157.00734124619476,425.3782555804172,20,10,1.9138968246932078,10%,M
M028,shares,"{""m"": 2.0}",1.156662445548543,-0.7783020931457785,1.6981556929797543,-1304.5331080969136,-1127.8425379136809,20,10,0.6317494352361053,m=2,M
M029,cash,"{""dividend_line"": ""cf_012"", ""dps_delta"": 112.87033818371177, ""x_mn"": 7425.06323004}",11.306406929764153,-67.11936249127312,102.90198455955846,-1218.62006669529,-107.78137336338645,10,10,43.37279261500806,2%,M
M029,cash,"{""dividend_line"": ""cf_012"", ""dps_delta"": 282.1758454592794, ""x_mn"": 18562.6580751}",8.874863451542353,-2.039472910025011,45.5875041853721,-2391.362428049397,-269.4534334084661,10,10,12.149739054948242,5%,M
M029,cash,"{""dividend_line"": ""cf_012"", ""dps_delta"": 564.3516909185588, ""x_mn"": 37125.3161502}",3.166005987144272,-29.781403961725744,21.31036024354759,-1706.182366855568,-538.9068668169322,10,10,13.033613317671769,10%,M
M029,non_operating,"{""asset_line"": ""bs_015"", ""equity_line"": ""bs_023"", ""x_mn"": 18562.6580751}",-10.272854347157852,-47.5767524585598,14.483898466934104,-2768.0558747467694,269.4534334084661,10,10,15.83179870548314,5%,M
M029,non_operating,"{""asset_line"": ""bs_015"", ""equity_line"": ""bs_023"", ""x_mn"": 37125.3161502}",-3.519882322141198,-22.035839923542675,1.8325287989701589,-1896.8887537894207,538.9068668169322,10,10,6.0888695720696004,10%,M
M029,non_operating,"{""asset_line"": ""bs_015"", ""equity_line"": ""bs_023"", ""x_mn"": 7425.06323004}",-18.138092969890682,-111.80626952713786,9.70731700399185,-1954.9485704876024,107.78137336338645,10,10,30.998363911002475,2%,M
M029,shares,"{""m"": 2.0}",1.2301507153524265,-0.18124452648831504,3.8092670453015773,-4753.539818610413,-3864.1930287774285,10,10,1.0179876458647685,m=2,M
M030,cash,"{""dividend_line"": ""cf_005"", ""dps_delta"": 1188.2583591568055, ""x_mn"": 9631.09898258}",0.9774738855245791,-3.2604193851135754,29.2003792181275,-1125.1365159003763,-1151.0655502541138,10,10,8.28081597021456,2%,M
M030,cash,"{""dividend_line"": ""cf_005"", ""dps_delta"": 2970.6458978920136, ""x_mn"": 24077.74745645}",-3.633908894871375,-4.484193851450695,7.77394799574441,10457.168354121095,-2877.6638756352845,10,10,3.1270770018354863,5%,M
M030,non_operating,"{""asset_line"": ""bs_013"", ""equity_line"": ""bs_021"", ""x_mn"": 24077.74745645}",3.329607155843204,-21.634341342251528,20.13494889623613,9581.490232426731,2877.6638756352845,10,10,10.655431183287668,5%,M
M030,non_operating,"{""asset_line"": ""bs_013"", ""equity_line"": ""bs_021"", ""x_mn"": 48155.4949129}",5.018965145180297,-0.6624277639411937,6.698148254500058,28885.789382715884,5755.327751270569,10,10,1.8776979638880746,10%,M
M030,non_operating,"{""asset_line"": ""bs_013"", ""equity_line"": ""bs_021"", ""x_mn"": 9631.09898258}",5.344969418353135,-30.070266905567888,16.661285539367828,6152.4101646280615,1151.0655502541138,10,10,11.921314399218295,2%,M
M030,shares,"{""m"": 2.0}",1.000121326019338,0.9765405837266788,1.3122912173418237,-104068.3557552881,-104055.73108764592,10,10,0.08565067184059819,m=2,M
M031,cash,"{""dividend_line"": ""cf_011"", ""dps_delta"": 1433.1875366808997, ""x_mn"": 22731.4650521}",-1.2865004625848577,-5.521950334339551,6.634854508182502,1790.3978814485781,-1391.6807133137609,10,10,3.101225725133177,5%,M
M031,cash,"{""dividend_line"": ""cf_011"", ""dps_delta"": 573.2750146723599, ""x_mn"": 9092.58602084}",2.866802360356827,-5.100807315602598,22.02739421894936,-1595.869421516385,-556.6722853255044,10,10,6.920459575140806,2%,M
M031,non_operating,"{""asset_line"": ""bs_p00"", ""equity_line"": ""bs_019"", ""x_mn"": 22731.4650521}",-1.3026444164115665,-8.865439026906722,3.3049247984703296,-1812.8651106258367,1391.6807133137609,10,10,3.104684649330881,5%,M
M031,non_operating,"{""asset_line"": ""bs_p00"", ""equity_line"": ""bs_019"", ""x_mn"": 45462.9301042}",0.1679881310422794,-3.798146286644538,1.80292439272533,467.5716840743298,2783.3614266275217,10,10,1.428844561063742,10%,M
M031,non_operating,"{""asset_line"": ""bs_p00"", ""equity_line"": ""bs_019"", ""x_mn"": 9092.58602084}",-0.020582032224973998,-20.57593196610875,6.323104044681816,-11.457446915319451,556.6722853255044,10,10,6.861998982344533,2%,M
M031,shares,"{""m"": 2.0}",1.095842097350822,0.8479736383689751,1.8200842827770727,-16207.311269099697,-14789.82355969037,10,10,0.24798740928778,m=2,M
M032,cash,"{""dividend_line"": ""cf_014"", ""dps_delta"": 120.4515008015159, ""x_mn"": 23774.235422200003}",9.710078063719703,-6.188112337498633,33.82800996812622,-1169.5934756749157,-120.4515008015159,20,10,10.208194465720625,2%,M
M032,cash,"{""dividend_line"": ""cf_014"", ""dps_delta"": 301.12875200378977, ""x_mn"": 59435.588555500006}",21.393217626733072,13.288602150750323,31.301639034550632,-6442.112925283607,-301.12875200378977,20,10,4.595162470357222,5%,M
M032,non_operating,"{""asset_line"": ""bs_p00"", ""equity_line"": ""bs_015"", ""x_mn"": 118871.17711100001}",4.330286949076109,-0.10598121635138982,7.551283198759774,2607.9478095871746,602.2575040075795,20,35,1.9533837793650928,10%,M
M032,non_operating,"{""asset_line"": ""bs_p00"", ""equity_line"": ""bs_015"", ""x_mn"": 23774.235422200003}",13.655342141808104,-3.9305179376969073,28.38273983713229,1644.8064549389728,120.4515008015159,20,35,8.243178003782958,2%,M
M032,non_operating,"{""asset_line"": ""bs_p00"", ""equity_line"": ""bs_015"", ""x_mn"": 521997.50054417027}",0.9124843062734183,0.17945735827099046,1.5659025078312312,2413.234269417282,2644.6857801565047,20,35,0.3536849871327145,rule,M
M032,non_operating,"{""asset_line"": ""bs_p00"", ""equity_line"": ""bs_015"", ""x_mn"": 59435.588555500006}",5.892976582190676,-3.251702769193256,10.678767016812522,1774.5446837826366,301.12875200378977,20,35,3.5536912719402496,5%,M
M032,shares,"{""m"": 2.0}",0.9814029601484467,0.7665225086493076,1.3623007328593075,-6741.988110884075,-6869.745033033407,20,10,0.15198424086989795,m=2,M
M033,cash,"{""dividend_line"": ""cf_016"", ""dps_delta"": 1897.160333136156, ""x_mn"": 27995.653246399997}",6.810402624424302,-13.465618779313584,16.808755286138812,-12920.42571174416,-1897.160333136156,10,10,7.723054608533775,2%,M
M033,cash,"{""dividend_line"": ""cf_016"", ""dps_delta"": 4742.900832840391, ""x_mn"": 69989.133116}",-2.8121164368120963,-7.090799836254403,1.5199727843611777,13337.589390200243,-4742.900832840391,10,10,2.196625668524383,5%,M
M033,cash,"{""dividend_line"": ""cf_016"", ""dps_delta"": 9485.801665680781, ""x_mn"": 139978.266232}",-0.363855092194463,-2.8892192880383583,1.7552585031628407,3451.4572396046715,-9485.801665680781,10,10,1.1848157630615304,10%,M
M033,non_operating,"{""asset_line"": ""bs_019"", ""equity_line"": ""bs_029"", ""x_mn"": 139978.266232}",0.5522579689140042,-2.3531079649394853,2.5346841781658207,5238.609561409947,9485.801665680781,10,10,1.24688575079217,10%,M
M033,non_operating,"{""asset_line"": ""bs_019"", ""equity_line"": ""bs_029"", ""x_mn"": 27995.653246399997}",-1.313575695338428,-8.734558401290004,8.267860643593934,-2492.06370376781,1897.160333136156,10,10,4.33735179716427,2%,M
M033,non_operating,"{""asset_line"": ""bs_019"", ""equity_line"": ""bs_029"", ""x_mn"": 69989.133116}",-2.2648922989756772,-5.370119498889163,2.627904127087605,-10742.159571105527,4742.900832840391,10,10,2.0403121494838694,5%,M
M033,shares,"{""m"": 2.0}",1.0894706514544799,0.7850734936809229,1.3267775731430518,-72385.11316661909,-66440.62698704416,10,10,0.13818981618931858,m=2,M
M034,cash,"{""dividend_line"": ""cf_014"", ""dps_delta"": 1459.2754963083, ""x_mn"": 13046.595663}",7.171189128720177,-8.20851380175441,21.92050865917113,-10464.740574933821,-1459.2754963083,10,10,7.685975117583046,2%,M
M034,cash,"{""dividend_line"": ""cf_014"", ""dps_delta"": 3648.1887407707504, ""x_mn"": 32616.489157500004}",0.23117339177726154,-5.974724760526115,6.197601760327404,-843.3641650475911,-3648.1887407707504,10,10,3.1051853369524287,5%,M
M034,cash,"{""dividend_line"": ""cf_014"", ""dps_delta"": 7296.377481541501, ""x_mn"": 65232.97831500001}",0.876949731498314,-2.355068479070097,2.8654817423446644,-6398.556273348164,-7296.377481541501,10,10,1.331773015667031,10%,M
M034,non_operating,"{""asset_line"": ""bs_010"", ""equity_line"": ""bs_024"", ""x_mn"": 13046.595663}",-0.33125577079242563,-17.673187084037515,15.260368550424197,-483.3934293281054,1459.2754963083,10,20,8.401417253689212,2%,M
M034,non_operating,"{""asset_line"": ""bs_010"", ""equity_line"": ""bs_024"", ""x_mn"": 32616.489157500004}",6.466234698899201,1.426939571779141,12.733719188131357,23590.04462370521,3648.1887407707504,10,20,2.884382555191892,5%,M
M034,non_operating,"{""asset_line"": ""bs_010"", ""equity_line"": ""bs_024"", ""x_mn"": 344875.2958987081}",0.981005136543765,0.3712060398500651,1.6017901286423821,37841.94536989575,38574.665881178626,10,20,0.31392451244701963,rule,M
M034,non_operating,"{""asset_line"": ""bs_010"", ""equity_line"": ""bs_024"", ""x_mn"": 65232.97831500001}",0.6327454611171219,-1.7305792548657044,4.175095512364106,4616.749734042562,7296.377481541501,10,20,1.5065496855178087,10%,M
M034,shares,"{""m"": 2.0}",1.067083867517442,0.8347656803878215,1.241485261552076,-109710.17842008318,-102813.07942113548,10,10,0.10375499519496287,m=2,M
M036,cash,"{""dividend_line"": ""cf_013"", ""dps_delta"": 148.1384180799524, ""x_mn"": 9430.95240545}",-2.671658012275276,-4.900600930132366,8.201648439445831,395.77519158908945,-148.1384180799524,20,10,3.3424105534638255,5%,M
M036,cash,"{""dividend_line"": ""cf_013"", ""dps_delta"": 59.255367231980976, ""x_mn"": 3772.38096218}",-8.466414681223496,-13.76727370775449,-1.4518141071678228,501.6805110741334,-59.255367231980976,20,10,3.1416988777006805,2%,M
M036,non_operating,"{""asset_line"": ""bs_p00"", ""equity_line"": ""bs_021"", ""x_mn"": 18861.9048109}",2.949125749256192,1.8620927634783404,4.761819891036057,873.7576464273334,296.2768361599048,20,10,0.7397263080504379,10%,M
M036,non_operating,"{""asset_line"": ""bs_p00"", ""equity_line"": ""bs_021"", ""x_mn"": 3772.38096218}",10.438908796554067,-4.563827711295698,15.751413954714746,618.5613742409678,59.255367231980976,20,10,5.182459608676134,2%,M
M036,non_operating,"{""asset_line"": ""bs_p00"", ""equity_line"": ""bs_021"", ""x_mn"": 69211.02260182917}",1.424255906049662,0.7230535628948246,1.779513405073568,1548.3724829715648,1087.1448567597338,20,10,0.2695050617802917,rule,M
M036,non_operating,"{""asset_line"": ""bs_p00"", ""equity_line"": ""bs_021"", ""x_mn"": 9430.95240545}",3.4648351410207794,0.8761404229713412,6.719981152685894,513.275196698647,148.1384180799524,20,10,1.4907756963557532,5%,M
M036,shares,"{""m"": 2.0}",1.0216272838937928,0.9133207668899245,1.120647598064043,-3659.4785976507187,-3582.0094621035532,20,10,0.0528894977484996,m=2,M
M037,cash,"{""dividend_line"": ""cf_011"", ""dps_delta"": 5685.606920371075, ""x_mn"": 22360.30941158}",-1.2133107819568798,-11.387391226308862,6.652179538365624,6898.408178454876,-5685.606920371075,10,10,4.601931317519002,2%,M
M037,non_operating,"{""asset_line"": ""bs_p00"", ""equity_line"": ""bs_022"", ""x_mn"": 111801.5470579}",2.4635406659472494,1.5643262535145437,4.669864045156055,70033.61929462623,28428.034601855372,10,10,0.7922290284799774,10%,M
M037,non_operating,"{""asset_line"": ""bs_p00"", ""equity_line"": ""bs_022"", ""x_mn"": 22360.30941158}",5.3801478279535955,-0.035252396488066225,13.380801067328031,30589.40572323237,5685.606920371075,10,10,3.4224626183204334,2%,M
M037,non_operating,"{""asset_line"": ""bs_p00"", ""equity_line"": ""bs_022"", ""x_mn"": 55900.77352895}",0.978332276965756,-1.8866918357708435,3.205056895769437,13906.031910847232,14214.017300927686,10,10,1.2989154927398676,5%,M
M037,shares,"{""m"": 2.0}",1.0062791518776177,0.007110469260880476,1.787547916957088,-49199.1530380776,-48892.15179135614,10,10,0.45419322645311416,m=2,M
M038,cash,"{""dividend_line"": ""cf_007"", ""dps_delta"": 568.0231899929285, ""x_mn"": 10794.259420119999}",6.021911654320311,2.882667297037394,11.633552073518844,-3250.1038300888713,-539.712971006,20,10,2.2323685654289416,2%,M
M038,non_operating,"{""asset_line"": ""bs_013"", ""equity_line"": ""bs_022"", ""x_mn"": 10794.259420119999}",-2.8554394931711617,-8.214701927990054,1.1187401630528575,-1541.1177323872744,539.712971006,20,10,2.3809801252660487,2%,M
M038,non_operating,"{""asset_line"": ""bs_013"", ""equity_line"": ""bs_022"", ""x_mn"": 26985.6485503}",0.06468425873289856,-1.916355330759784,1.379638581226993,87.2773336451337,1349.2824275149999,20,10,0.8408147734660145,5%,M
M038,non_operating,"{""asset_line"": ""bs_013"", ""equity_line"": ""bs_022"", ""x_mn"": 53971.2971006}",0.567925380343059,-0.4990738164769513,1.376732733162139,1532.5834716733243,2698.5648550299998,20,10,0.4785220789895639,10%,M
M038,shares,"{""m"": 2.0}",1.1808564094680278,0.8832068982323205,1.6786255346291499,-6405.241776443394,-5424.234246506682,20,10,0.20291291744817078,m=2,M
M039,cash,"{""dividend_line"": ""cf_017"", ""dps_delta"": 152.41209110602344, ""x_mn"": 9234.53825376}",-6.062816443342412,-33.43389554714781,38.07951804207918,924.0465321218007,-152.41209110602344,20,10,18.24321775235382,2%,M
M039,cash,"{""dividend_line"": ""cf_017"", ""dps_delta"": 381.03022776505867, ""x_mn"": 23086.3456344}",8.51049862111993,-1.0011889449478115,49.89172871402386,-3242.7572279995447,-381.03022776505867,20,10,12.982887157900938,5%,M
M039,cash,"{""dividend_line"": ""cf_017"", ""dps_delta"": 762.0604555301173, ""x_mn"": 46172.6912688}",4.6195412327978636,0.8064766020064235,8.132530095943618,-3520.3696962061,-762.0604555301173,20,10,1.868891197432958,10%,M
M039,non_operating,"{""asset_line"": ""bs_012"", ""equity_line"": ""bs_020"", ""x_mn"": 23086.3456344}",-1.79051241912539,-11.818876329740982,5.84410406654297,-682.2393548755135,381.03022776505867,20,10,4.5058623459908045,5%,M
M039,non_operating,"{""asset_line"": ""bs_012"", ""equity_line"": ""bs_020"", ""x_mn"": 46172.6912688}",3.8166999872532337,-0.7053027714694021,18.989560115766988,2908.556130907992,762.0604555301173,20,10,5.024199716131732,10%,M
M039,non_operating,"{""asset_line"": ""bs_012"", ""equity_line"": ""bs_020"", ""x_mn"": 9234.53825376}",-3.616085371953605,-12.598832248249238,23.241811736237228,-551.1351331573514,152.41209110602344,20,10,9.143021424613893,2%,M
M039,shares,"{""m"": 2.0}",0.894675036121108,-0.24538509719434104,2.1197167130604724,-1693.0919296963648,-1892.4099380673665,20,10,0.6033422985343913,m=2,M
M040,cash,"{""dividend_line"": ""cf_007"", ""dps_delta"": 284.3788753851783, ""x_mn"": 1880.8306936}",0.8558679757520384,-84.58817600516231,93.40777206014866,-243.3907724225537,-284.3788753851783,10,10,45.4071296084977,2%,M
M040,cash,"{""dividend_line"": ""cf_007"", ""dps_delta"": 710.9471884629457, ""x_mn"": 4702.076734}",37.14632057047014,9.272179998388062,51.85752490907477,-26409.072171319032,-710.9471884629457,10,10,10.863608395583343,5%,M
M040,non_operating,"{""asset_line"": ""bs_013"", ""equity_line"": ""bs_023"", ""x_mn"": 1880.8306936}",-89.26889294193775,-128.24682450208044,-15.590759373091958,-25386.187381708136,284.3788753851783,10,10,28.738792124741963,2%,M
M040,non_operating,"{""asset_line"": ""bs_013"", ""equity_line"": ""bs_023"", ""x_mn"": 4702.076734}",-37.28610265605939,-51.449231844719485,-11.9206851131687,-26508.4498520662,710.9471884629457,10,10,10.083812941722138,5%,M
M040,non_operating,"{""asset_line"": ""bs_013"", ""equity_line"": ""bs_023"", ""x_mn"": 9404.153468}",4.934427907964269,-10.066263170509684,18.81259906052673,7016.235295680584,1421.8943769258915,10,10,7.367056691590922,10%,M
M040,shares,"{""m"": 2.0}",0.874811994210313,-0.46383675797324625,1.8517807121961303,-11836.991738261002,-13530.897857597593,10,10,0.590718742390147,m=2,M
M041,cash,"{""dividend_line"": ""cf_008"", ""dps_delta"": 1856.6372720879788, ""x_mn"": 22858.6915842}",15.066447775390895,1.8332877858045251,16.124911679005013,-25721.590165722122,-1707.2099906478973,10,10,3.645822421734818,10%,M
M041,cash,"{""dividend_line"": ""cf_008"", ""dps_delta"": 371.3274544175958, ""x_mn"": 4571.73831684}",50.010241652146554,-15.153263855275627,79.91530914792419,-17075.59683665204,-341.4419981295794,10,10,24.2521869906122,2%,M
M041,cash,"{""dividend_line"": ""cf_008"", ""dps_delta"": 928.3186360439894, ""x_mn"": 11429.3457921}",10.158945635725406,-13.21905640823361,30.493732330493543,-8671.726741879633,-853.6049953239486,10,10,11.151221617022234,5%,M
M041,non_operating,"{""asset_line"": ""bs_018"", ""equity_line"": ""bs_027"", ""x_mn"": 11429.3457921}",-16.162757684818,-24.1743456573538,9.95843117618637,-13796.610697971184,853.6049953239486,10,10,8.70734102896433,5%,M
M041,non_operating,"{""asset_line"": ""bs_018"", ""equity_line"": ""bs_027"", ""x_mn"": 22858.6915842}",-8.432755467536875,-14.719898812641501,2.737358413639712,-14396.484382869632,1707.2099906478973,10,10,4.453381945479902,10%,M
M041,non_operating,"{""asset_line"": ""bs_018"", ""equity_line"": ""bs_027"", ""x_mn"": 4571.73831684}",-41.570464729515194,-80.15858667031453,27.58802418025423,-14193.902540420873,341.4419981295794,10,10,27.486380319022647,2%,M
M041,shares,"{""m"": 2.0}",1.0543756560749933,0.11739839710464181,1.364152442910605,-22560.9441570042,-21397.444095958468,10,10,0.31804950148111305,m=2,M
M042,cash,"{""dividend_line"": ""cf_009"", ""dps_delta"": 152.5052364613281, ""x_mn"": 5077.7876648}",45.525675471372914,-19.397535996178128,99.46685058616391,-6942.903902823411,-152.5052364613281,10,10,30.322547597536236,2%,M
M042,cash,"{""dividend_line"": ""cf_009"", ""dps_delta"": 381.2630911533203, ""x_mn"": 12694.469162000001}",0.3319697386396138,-22.522272818745755,17.72968275324572,-126.567808723099,-381.2630911533203,10,10,10.268356013263132,5%,M
M042,cash,"{""dividend_line"": ""cf_009"", ""dps_delta"": 762.5261823066406, ""x_mn"": 25388.938324000002}",25.182200848388423,-2.9255157448000015,30.255768384263515,-19202.08747500067,-762.5261823066406,10,10,8.46461329823049,10%,M
M042,non_operating,"{""asset_line"": ""bs_016"", ""equity_line"": ""bs_024"", ""x_mn"": 12694.469162000001}",-2.6892227376663422,-9.040114344971792,21.262169719048263,-1025.3013737624642,381.2630911533203,10,10,7.7301745061275655,5%,M
M042,non_operating,"{""asset_line"": ""bs_016"", ""equity_line"": ""bs_024"", ""x_mn"": 25388.938324000002}",-1.4716302298119353,-9.177940632585921,8.844314448235517,-1122.1565809055392,762.5261823066406,10,10,4.597514051229958,10%,M
M042,non_operating,"{""asset_line"": ""bs_016"", ""equity_line"": ""bs_024"", ""x_mn"": 5077.7876648}",-10.648207910222183,-133.29529759785513,35.535376445955514,-1623.9074652378185,152.5052364613281,10,10,43.0690495009721,2%,M
M042,shares,"{""m"": 2.0}",1.211317451041032,0.6028992096038694,1.569035499130764,-17293.655412551187,-14276.73265805644,10,10,0.24646333916502414,m=2,M
M045,cash,"{""dividend_line"": ""cf_006"", ""dps_delta"": 137.9132420111018, ""x_mn"": 4956.3990475}",1.5101826027960998,-26.517585861316388,23.7611995507332,-202.31684109769776,-133.9684623058884,20,10,12.826220768379997,2%,M
M045,cash,"{""dividend_line"": ""cf_006"", ""dps_delta"": 344.78310502775446, ""x_mn"": 12390.99761875}",-5.230804762485395,-21.491133687535974,0.9381268286629189,1751.9071766312154,-334.921155764721,20,10,5.721750131683391,5%,M
M045,cash,"{""dividend_line"": ""cf_006"", ""dps_delta"": 4161.076424422657, ""x_mn"": 149542.96575032995}",-0.1857386377181286,-3.795455364140272,1.0776564927673293,750.7659248754499,-4042.0557300241953,20,10,1.2431407798233678,rule,M
M045,cash,"{""dividend_line"": ""cf_006"", ""dps_delta"": 689.5662100555089, ""x_mn"": 24781.9952375}",0.014601582248691933,-5.086489947363927,3.3745413565073488,-9.780757605451072,-669.842311529442,20,10,2.158426353028387,10%,M
M045,non_operating,"{""asset_line"": ""bs_019"", ""equity_line"": ""bs_028"", ""x_mn"": 12390.99761875}",3.5878871700914887,-4.1757584813629,32.071702815074524,1201.6593177604555,334.921155764721,20,10,9.246801351131996,5%,M
M045,non_operating,"{""asset_line"": ""bs_019"", ""equity_line"": ""bs_028"", ""x_mn"": 149542.96575032995}",0.4737271064532714,-0.7110118955151714,0.8848178572479445,1914.8313651072276,4042.0557300241953,20,10,0.4070994267252847,rule,M
M045,non_operating,"{""asset_line"": ""bs_019"", ""equity_line"": ""bs_028"", ""x_mn"": 24781.9952375}",-1.7801484465240875,-5.10672464607083,17.075349471752425,-1192.41875028524,669.842311529442,20,10,5.658692376995728,10%,M
M045,non_operating,"{""asset_line"": ""bs_019"", ""equity_line"": ""bs_028"", ""x_mn"": 4956.3990475}",4.004701838004316,-29.353606345388737,25.499578475880025,536.5037472310032,133.9684623058884,20,10,13.993159393180807,2%,M
M045,shares,"{""m"": 2.0}",0.9911350674792802,0.8383445938024483,1.2298550196440179,-11669.16034761627,-11773.531913560526,20,10,0.09987510863305346,m=2,M
M046,cash,"{""dividend_line"": ""cf_006"", ""dps_delta"": 12218.578392863856, ""x_mn"": 20158.87043578}",1.114910577726928,0.8398603111667429,6.863150478744171,-13299.016499335958,-11928.325701644972,10,10,1.5365536141779153,2%,M
M046,cash,"{""dividend_line"": ""cf_006"", ""dps_delta"": 30546.445982159636, ""x_mn"": 50397.176089450004}",-1.2978402022906648,-8.7843059681981,2.2433791647828016,38702.65160402961,-29820.81425411243,10,10,2.813184982903291,5%,M
M046,non_operating,"{""asset_line"": ""bs_p00"", ""equity_line"": ""bs_023"", ""x_mn"": 100794.35217890001}",1.0032191914723403,-0.1677833812922423,1.0458402992162867,59833.62633011502,59641.62850822486,10,10,0.3095978776807472,10%,M
M046,non_operating,"{""asset_line"": ""bs_p00"", ""equity_line"": ""bs_023"", ""x_mn"": 20158.87043578}",0.8795742698928459,-4.897889185314913,16.486070936692517,10491.848370068445,11928.325701644972,10,10,5.455091867859038,2%,M
M046,non_operating,"{""asset_line"": ""bs_p00"", ""equity_line"": ""bs_023"", ""x_mn"": 50397.176089450004}",0.9419420580388493,-1.347666825981352,1.0108993622043658,28089.479150912914,29820.81425411243,10,10,0.6016750480065607,5%,M
M046,shares,"{""m"": 2.0}",0.8105482820648577,0.033203731153703765,2.9631048347235183,-28580.81239113304,-35261.085642330785,10,10,0.747423750910667,m=2,M
M047,cash,"{""dividend_line"": ""cf_p00"", ""dps_delta"": 168.6211136596406, ""x_mn"": 16327.60469365}",-16.093951024315473,-29.42592890854958,3.068709163905922,2713.7799449037884,-168.6211136596406,10,10,8.2894484878713,5%,M
M047,cash,"{""dividend_line"": ""cf_p00"", ""dps_delta"": 337.2422273192812, ""x_mn"": 32655.2093873}",-1.3113139833614549,-5.514116131784435,9.838291097956722,442.2304484637359,-337.2422273192812,10,10,3.916430415750295,10%,M
M047,cash,"{""dividend_line"": ""cf_p00"", ""dps_delta"": 67.44844546385623, ""x_mn"": 6531.04187746}",-14.259307840221418,-34.33504820155028,39.15262418597454,961.7681472135118,-67.44844546385623,10,10,18.746855200899187,2%,M
M047,non_operating,"{""asset_line"": ""bs_014"", ""equity_line"": ""bs_023"", ""x_mn"": 16327.60469365}",10.373481227587341,-9.404533092740081,21.171149505154887,1749.1879571231532,168.6211136596406,10,10,7.799919030075247,5%,M
M047,non_operating,"{""asset_line"": ""bs_014"", ""equity_line"": ""bs_023"", ""x_mn"": 32655.2093873}",8.679744018466533,-2.7533738235312373,13.033463267942397,2927.176205348862,337.2422273192812,10,10,4.027254360069804,10%,M
M047,non_operating,"{""asset_line"": ""bs_014"", ""equity_line"": ""bs_023"", ""x_mn"": 6531.04187746}",21.240226718420192,-32.76331174054441,53.763799106662304,1432.6202734573064,67.44844546385623,10,10,22.073242563062937,2%,M
M047,shares,"{""m"": 2.0}",-3.1929365905215974,-6.923055772879253,6.9322622261264195,1116.5145754166617,-349.68266477044824,10,10,3.5345198977055285,m=2,M
M048,cash,"{""dividend_line"": ""cf_003"", ""dps_delta"": 1583.5625, ""x_mn"": 38005.5}",4.594688457417672,-0.7249951359438526,20.78905723140904,-7275.976340349473,-1583.5625,10,10,5.488278665141044,5%,M
M048,cash,"{""dividend_line"": ""cf_003"", ""dps_delta"": 3167.125, ""x_mn"": 76011.0}",1.7658259346730978,0.025447182597762366,5.266692112758243,-5592.591463351535,-3167.125,10,10,1.3370522781021634,10%,M
M048,cash,"{""dividend_line"": ""cf_003"", ""dps_delta"": 633.425, ""x_mn"": 15202.2}",-2.528103971957313,-20.79450291779076,27.742598500263288,1601.364258437061,-633.425,10,10,12.381913627054605,2%,M
M048,non_operating,"{""asset_line"": ""bs_p00"", ""equity_line"": ""bs_020"", ""x_mn"": 15202.2}",-11.972621164223277,-24.497744679922654,12.527792750068048,-7583.757560948128,633.425,10,10,9.445290160711915,2%,M
M048,non_operating,"{""asset_line"": ""bs_p00"", ""equity_line"": ""bs_020"", ""x_mn"": 38005.5}",-3.7698737554337223,-11.152158907368413,2.0561457124718716,-5969.830708839014,1583.5625,10,10,3.3694654642449704,5%,M
M048,non_operating,"{""asset_line"": ""bs_p00"", ""equity_line"": ""bs_020"", ""x_mn"": 76011.0}",3.6501860819494807,-0.947064721162999,6.129647347623117,11560.59559479425,3167.125,10,10,1.8052836910168664,10%,M
M048,shares,"{""m"": 2.0}",1.0755186027496415,0.849577141654507,1.6729145546949993,-23723.752306562877,-22057.965567412204,10,10,0.21003505434706435,m=2,M
M049,cash,"{""dividend_line"": ""cf_011"", ""dps_delta"": 1154.963838526037, ""x_mn"": 5234.2961162}",8.224682351183937,-0.6157717893823167,12.423130006179312,-9499.21069898075,-1154.963838526037,10,10,3.326250458051436,5%,M
M049,cash,"{""dividend_line"": ""cf_011"", ""dps_delta"": 2309.927677052074, ""x_mn"": 10468.5922324}",4.204611526641836,-3.7417000204378374,6.401219124091553,-9712.348536642152,-2309.927677052074,10,10,2.5874793736044364,10%,M
M049,cash,"{""dividend_line"": ""cf_011"", ""dps_delta"": 461.9855354104149, ""x_mn"": 2093.7184464800002}",0.6851090793961708,-13.719503630905658,27.590991410565938,-316.51048485937645,-461.9855354104149,10,10,10.538391592212143,2%,M
M049,cash,"{""dividend_line"": ""cf_011"", ""dps_delta"": 6282.021082942818, ""x_mn"": 28470.11954789685}",1.0881769959748224,-1.8595515502678415,3.0320823090087594,-6835.950830687216,-6282.021082942818,10,10,1.2478657804277042,rule,M
M049,non_operating,"{""asset_line"": ""bs_p00"", ""equity_line"": ""bs_020"", ""x_mn"": 10468.5922324}",1.0353059102450877,0.5693338153613058,10.203559644729944,2391.4817762907187,2309.927677052074,10,10,2.4577106707573058,10%,M
M049,non_operating,"{""asset_line"": ""bs_p00"", ""equity_line"": ""bs_020"", ""x_mn"": 2093.7184464800002}",2.8348274431023675,-0.15862344954679608,55.65599695239128,1309.6492740977847,461.9855354104149,10,10,14.238423571922977,2%,M
M049,non_operating,"{""asset_line"": ""bs_p00"", ""equity_line"": ""bs_020"", ""x_mn"": 28470.11954789685}",1.6808878079526333,0.017722272672198537,5.0257069636468135,10559.37264761998,6282.021082942818,10,10,1.2775471150445445,rule,M
M049,non_operating,"{""asset_line"": ""bs_p00"", ""equity_line"": ""bs_020"", ""x_mn"": 5234.2961162}",18.37769060747069,16.54071918666917,21.457723651409868,21225.568087248248,1154.963838526037,10,10,1.2543378736583417,5%,M
M049,shares,"{""m"": 2.0}",1.049317226050349,0.929935679764546,1.7926315171906277,-49125.993368620526,-46817.103683251014,10,10,0.22007546873114328,m=2,M
S001,cash,"{""dividend_line"": ""cf_p00"", ""dps_delta"": 115.37804119815601, ""x_mn"": 1535.4760093000002}",24.22000038750771,-20.83282130232701,63.099824346617424,-2788.79843717978,-115.14444230224694,20,10,21.411389196159295,10%,S
S001,cash,"{""dividend_line"": ""cf_p00"", ""dps_delta"": 23.0756082396312, ""x_mn"": 307.09520186000003}",43.3172554060577,-139.54175952929717,319.20711393582377,-997.548243158901,-23.028888460449387,20,10,117.0277738431431,2%,S
S001,cash,"{""dividend_line"": ""cf_p00"", ""dps_delta"": 57.689020599078006, ""x_mn"": 767.7380046500001}",109.23746990268391,-5.2226524888507,134.49221033096416,-6289.0437752265125,-57.57222115112347,20,10,35.641546637707876,5%,S
S001,non_operating,"{""asset_line"": ""bs_020"", ""equity_line"": ""bs_028"", ""x_mn"": 1535.4760093000002}",-33.41634063559494,-59.47440844191744,17.519087150533508,-3847.7059062674916,115.14444230224694,20,10,19.64119785521708,10%,S
S001,non_operating,"{""asset_line"": ""bs_020"", ""equity_line"": ""bs_028"", ""x_mn"": 307.09520186000003}",-248.19588801773614,-297.74876740735334,46.102377445281235,-5715.675421502632,23.028888460449387,20,10,87.71712878893739,2%,S
S001,non_operating,"{""asset_line"": ""bs_020"", ""equity_line"": ""bs_028"", ""x_mn"": 767.7380046500001}",-113.74580627073787,-131.3684060424781,-47.65442632927038,-6548.598713631768,57.57222115112347,20,10,21.35560706969585,5%,S
S001,shares,"{""m"": 2.0}",4.712651475567275,1.5126971563858562,5.721492612302624,-4212.946842683764,-893.9652899277131,20,10,1.073672310182849,m=2,S
S003,cash,"{""dividend_line"": ""cf_p00"", ""dps_delta"": 140.31453744451093, ""x_mn"": 4091.6377194}",8.298932859496727,-8.790830337876299,15.543009148544868,-1164.4609254633356,-140.31453744451093,20,10,6.207612113882951,10%,S
S003,cash,"{""dividend_line"": ""cf_p00"", ""dps_delta"": 28.062907488902184, ""x_mn"": 818.32754388}",-34.22271934619227,-90.15419298356262,3.3901737626513806,960.3890070308566,-28.062907488902184,20,10,23.863358863830104,2%,S
S003,cash,"{""dividend_line"": ""cf_p00"", ""dps_delta"": 70.15726872225547, ""x_mn"": 2045.8188597}",-15.74153332188146,-32.76856343177086,-2.2565302318492733,1104.3829833635764,-70.15726872225547,20,10,7.783681938755507,5%,S
S003,non_operating,"{""asset_line"": ""bs_p00"", ""equity_line"": ""bs_023"", ""x_mn"": 2045.8188597}",24.577768971301236,9.628833759901852,43.31585237012335,1724.3091423130932,70.15726872225547,20,10,8.593627196485077,5%,S
S003,non_operating,"{""asset_line"": ""bs_p00"", ""equity_line"": ""bs_023"", ""x_mn"": 4091.6377194}",13.407079263787905,6.658533827578158,21.93892179779729,1881.208125380294,140.31453744451093,20,10,3.8980581556681457,10%,S
S003,non_operating,"{""asset_line"": ""bs_p00"", ""equity_line"": ""bs_023"", ""x_mn"": 818.32754388}",16.21060399439401,-31.70643122277048,70.83393126619949,454.9166802339073,28.062907488902184,20,10,26.158255736982134,2%,S
S003,shares,"{""m"": 2.0}",0.15004257462609943,-1.7281336822886995,1.5613822406057918,-103.17616839529137,-687.6459475079162,20,10,0.8391622252281865,m=2,S
S004,cash,"{""dividend_line"": ""cf_012"", ""dps_delta"": 179.76038281537805, ""x_mn"": 8931.1776494}",1.0607550508265629,0.6839198868035322,2.244305743269839,-190.68173400992873,-179.76038281537805,10,10,0.3980576164454864,10%,S
S004,cash,"{""dividend_line"": ""cf_012"", ""dps_delta"": 35.952076563075615, ""x_mn"": 1786.23552988}",0.3856129223529121,-1.364972650393388,1.0597298504550392,-13.863585308143229,-35.952076563075615,10,10,0.6185465563388846,2%,S
S004,cash,"{""dividend_line"": ""cf_012"", ""dps_delta"": 554.4015091666807, ""x_mn"": 27544.76982032497}",1.1011559607725523,0.9319505091430315,1.2826215844668551,-610.4825264801893,-554.4015091666807,10,10,0.08945690697036318,rule,S
S004,cash,"{""dividend_line"": ""cf_012"", ""dps_delta"": 89.88019140768903, ""x_mn"": 4465.5888247}",3.3001041196461207,1.430327937488493,4.071350486217971,-296.6139899390964,-89.88019140768903,10,10,0.6737302420228258,5%,S
S004,non_operating,"{""asset_line"": ""bs_020"", ""equity_line"": ""bs_026"", ""x_mn"": 1786.23552988}",-3.9300188334184716,-7.006107654169589,-2.2234056544103726,-141.29233799339,35.952076563075615,10,10,1.2200770407549022,2%,S
S004,non_operating,"{""asset_line"": ""bs_020"", ""equity_line"": ""bs_026"", ""x_mn"": 27544.76982032497}",0.8702146542269106,0.8281576677783145,1.320776717963764,482.4483176023605,554.4015091666807,10,10,0.12566812504730854,rule,S
S004,non_operating,"{""asset_line"": ""bs_020"", ""equity_line"": ""bs_026"", ""x_mn"": 4465.5888247}",1.6170480299618295,0.6970939403814234,2.2504883188349347,145.3405864483957,89.88019140768903,10,10,0.39627407613609983,5%,S
S004,non_operating,"{""asset_line"": ""bs_020"", ""equity_line"": ""bs_026"", ""x_mn"": 8931.1776494}",1.304776059956138,0.5090582899053335,1.6812444782886895,234.54704402605603,179.76038281537805,10,10,0.2990270888733051,10%,S
S004,shares,"{""m"": 2.0}",1.000162931614094,0.9826173109885056,1.012485401632196,-3528.7287597134864,-3528.153911901848,10,10,0.007619410878492461,m=2,S
S005,cash,"{""dividend_line"": ""cf_p00"", ""dps_delta"": 14.489223455899822, ""x_mn"": 373.00643922000006}",-4.990388466748826,-43.30167901628136,43.29917141137671,72.1176770940935,-14.451315278282783,20,10,22.09205368052502,2%,S
S005,cash,"{""dividend_line"": ""cf_p00"", ""dps_delta"": 36.22305863974955, ""x_mn"": 932.5160980500001}",5.22770133134314,-4.749808311674451,14.921402547263494,-188.86790029984587,-36.12828819570695,20,10,5.018166035443354,5%,S
S005,cash,"{""dividend_line"": ""cf_p00"", ""dps_delta"": 72.4461172794991, ""x_mn"": 1865.0321961000002}",0.7611044652203522,-4.355699093630397,7.828121296266143,-54.9948029330406,-72.2565763914139,20,10,3.1081174464021784,10%,S
S005,non_operating,"{""asset_line"": ""bs_014"", ""equity_line"": ""bs_019"", ""x_mn"": 1865.0321961000002}",4.039052257818179,-1.8868062079792494,9.155766368617613,291.84808801595204,72.2565763914139,20,10,2.8169828001522608,10%,S
S005,non_operating,"{""asset_line"": ""bs_014"", ""equity_line"": ""bs_019"", ""x_mn"": 373.00643922000006}",-40.90914405306239,-63.331468082248314,-16.523998825315697,-591.1909384754917,14.451315278282783,20,10,11.940680932890976,2%,S
S005,non_operating,"{""asset_line"": ""bs_014"", ""equity_line"": ""bs_019"", ""x_mn"": 932.5160980500001}",-15.764936604277214,-26.165376860769072,0.9987141117371907,-569.5601730263769,36.12828819570695,20,10,6.9296150440067,5%,S
S005,shares,"{""m"": 2.0}",2.848010518636742,0.5921852338599153,4.758473990516285,-467.24520493657235,-164.06021040969637,20,10,1.0628287644531558,m=2,S
S007,cash,"{""dividend_line"": ""cf_017"", ""dps_delta"": 3.7406285601537137, ""x_mn"": 411.48618018}",3.8488192230176423,-76.20047104949529,352.36176436329094,-14.396900894724645,-3.740602002979201,10,10,109.32710087060873,2%,S
S007,non_operating,"{""asset_line"": ""bs_p00"", ""equity_line"": ""bs_020"", ""x_mn"": 1028.7154504500002}",2.2204925904501263,-142.45147716483032,33.10248818959689,20.764947578595546,9.351505007448004,10,9,44.78417483531307,5%,S
S007,non_operating,"{""asset_line"": ""bs_p00"", ""equity_line"": ""bs_020"", ""x_mn"": 2057.4309009000003}",5.656474255748234,-66.98707543975185,21.09747205532162,105.79309465426067,18.70301001489601,10,10,22.470547830375885,10%,S
S007,non_operating,"{""asset_line"": ""bs_p00"", ""equity_line"": ""bs_020"", ""x_mn"": 411.48618018}",-26.56846305331025,-414.49134350704225,54.60415239379848,-99.38204611329121,3.740602002979201,10,10,119.6672183420512,2%,S
S007,shares,"{""m"": 2.0}",-25.259423106638227,-56.695284828445146,81.47981750915952,356.15423511867095,-14.09985626413902,10,10,35.248750596327724,m=2,S
S010,cash,"{""dividend_line"": ""cf_p00"", ""dps_delta"": 14.096170338524935, ""x_mn"": 978.8450882000001}",-8.060736832984109,-49.0633453734636,10.421756740907906,112.78877534974578,-13.992365423495785,9,10,15.17477094754375,2%,S
S010,cash,"{""dividend_line"": ""cf_p00"", ""dps_delta"": 35.24042584631234, ""x_mn"": 2447.1127205000003}",0.8573707980669337,-17.74031310963362,6.397398707475245,-29.99161377496688,-34.980913558739466,9,10,6.157579545180833,5%,S
S010,non_operating,"{""asset_line"": ""bs_012"", ""equity_line"": ""bs_021"", ""x_mn"": 2447.1127205000003}",4.118227494419855,-2.3179666344627328,19.535610184393363,144.05935999752518,34.980913558739466,9,10,5.574892045626555,5%,S
S010,non_operating,"{""asset_line"": ""bs_012"", ""equity_line"": ""bs_021"", ""x_mn"": 4894.2254410000005}",2.7901724681385867,-0.9104591203320126,10.231792733595634,195.20556384386128,69.96182711747893,9,10,2.8424111872264404,10%,S
S010,non_operating,"{""asset_line"": ""bs_012"", ""equity_line"": ""bs_021"", ""x_mn"": 978.8450882000001}",36.579997428617574,17.868925616431486,71.51691584728336,511.84069121175327,13.992365423495785,9,10,13.685711793584662,2%,S
S010,shares,"{""m"": 2.0}",0.653159235579819,-1.4871468679694113,1.7774748051928217,-157.73419774159277,-241.49424696042124,9,10,0.8328116513168962,m=2,S
S011,cash,"{""dividend_line"": ""cf_p00"", ""dps_delta"": 136.4523937927739, ""x_mn"": 3180.0976768}",-1.260435112844026,-3.582687094529642,4.5002721801605805,171.9780906946994,-136.44343048064627,20,10,2.06197940680873,10%,S
S011,cash,"{""dividend_line"": ""cf_p00"", ""dps_delta"": 27.290478758554784, ""x_mn"": 636.0195353600001}",-4.478475189487585,-15.961087212380939,18.057847852776998,122.2117036352297,-27.288686096129258,20,10,8.678299761519881,2%,S
S011,cash,"{""dividend_line"": ""cf_p00"", ""dps_delta"": 68.22619689638695, ""x_mn"": 1590.0488384}",-3.001746881286176,-80.17318041356113,27.563936148812715,204.78432095863354,-68.22171524032314,20,10,27.48395830672802,5%,S
S011,non_operating,"{""asset_line"": ""bs_021"", ""equity_line"": ""bs_028"", ""x_mn"": 1590.0488384}",-0.7109857801582057,-14.596136614806293,4.745183163823192,-48.504669433872095,68.22171524032314,20,10,4.934010147609562,5%,S
S011,non_operating,"{""asset_line"": ""bs_021"", ""equity_line"": ""bs_028"", ""x_mn"": 3180.0976768}",-0.8588241850210244,-6.218632920759996,1.2790059031709233,-117.18091798401383,136.44343048064627,20,10,1.9126629652884999,10%,S
S011,non_operating,"{""asset_line"": ""bs_021"", ""equity_line"": ""bs_028"", ""x_mn"": 636.0195353600001}",-2.3553383112647417,-28.954851853556143,12.821591579924394,-64.27408782629072,27.288686096129258,20,10,10.657255977928708,2%,S
S011,shares,"{""m"": 2.0}",0.9191737165282875,0.25998989880820905,1.7902141581272346,-765.0563720698995,-832.3305576659784,20,10,0.3903633314589351,m=2,S
S013,cash,"{""dividend_line"": ""cf_p00"", ""dps_delta"": 130.3056599957757, ""x_mn"": 1945.1886891}",52.938705170984676,24.33421552996948,80.92647493874088,-6689.862597792363,-126.36997025493983,10,10,14.436800869584541,10%,S
S013,cash,"{""dividend_line"": ""cf_p00"", ""dps_delta"": 26.061131999155133, ""x_mn"": 389.03773781999996}",31.739953177028134,-46.43977065107529,58.19861484596631,-802.1953877748456,-25.273994050987962,10,9,26.69346568802082,2%,S
S013,cash,"{""dividend_line"": ""cf_p00"", ""dps_delta"": 65.15282999788785, ""x_mn"": 972.59434455}",16.282702762566753,-17.632834676287917,59.49216235528808,-1028.8223318877936,-63.184985127469915,10,9,19.674744140708164,5%,S
S013,non_operating,"{""asset_line"": ""bs_p00"", ""equity_line"": ""bs_023"", ""x_mn"": 1945.1886891}",-10.660610800751378,-13.957462989209073,1.523045010180561,-1347.181069790442,126.36997025493983,10,27,3.9491091835177636,10%,S
S013,non_operating,"{""asset_line"": ""bs_p00"", ""equity_line"": ""bs_023"", ""x_mn"": 30834.479724341843}",0.3848032585958748,-0.33527579336448304,1.174721217429386,770.8280565206278,2003.1744516232413,10,28,0.3852033190800686,rule,S
S013,non_operating,"{""asset_line"": ""bs_p00"", ""equity_line"": ""bs_023"", ""x_mn"": 389.03773781999996}",-38.39597381862907,-63.359736206586824,25.819065054625952,-970.4196138739208,25.273994050987962,10,24,22.749694199288975,2%,S
S013,non_operating,"{""asset_line"": ""bs_p00"", ""equity_line"": ""bs_023"", ""x_mn"": 972.59434455}",-132.15547318065057,-143.82988045012158,-88.05702189086291,-8350.241607433156,63.184985127469915,10,21,14.227770040627211,5%,S
S013,shares,"{""m"": 2.0}",1.1038189543303734,0.8336932390435094,1.8518022741381932,-5954.33273410081,-5394.301946656622,10,8,0.2597216926261948,m=2,S
S014,cash,"{""dividend_line"": ""cf_015"", ""dps_delta"": 1812.3871310370519, ""x_mn"": 41936.0464986}",2.1848278607409766,-0.9016395411785907,8.194403589370056,-3959.7538983381583,-1812.3871310370519,20,10,2.3204191659562876,10%,S
S014,cash,"{""dividend_line"": ""cf_015"", ""dps_delta"": 362.47742620741036, ""x_mn"": 8387.20929972}",-17.310236746079916,-77.96123978603585,73.75797586172693,6274.570062759985,-362.47742620741036,20,10,38.70388154279663,2%,S
S014,cash,"{""dividend_line"": ""cf_015"", ""dps_delta"": 906.1935655185259, ""x_mn"": 20968.0232493}",1.9743277203384435,-1.848050973078378,11.382977988915336,-1789.1230763955573,-906.1935655185259,20,10,3.375262490304519,5%,S
S014,non_operating,"{""asset_line"": ""bs_p00"", ""equity_line"": ""bs_024"", ""x_mn"": 20968.0232493}",1.8968147643929478,-37.2473567145961,18.527767566592406,1718.881334473428,906.1935655185259,20,10,14.228348030915436,5%,S
S014,non_operating,"{""asset_line"": ""bs_p00"", ""equity_line"": ""bs_024"", ""x_mn"": 41936.0464986}",0.32185438662042076,-43.752003998951416,4.7097156196215435,583.3247483786745,1812.3871310370519,20,10,12.362683576166571,10%,S
S014,non_operating,"{""asset_line"": ""bs_p00"", ""equity_line"": ""bs_024"", ""x_mn"": 8387.20929972}",-20.09736311235655,-155.31413301963147,18.569122774777885,-7284.840454522753,362.47742620741036,20,9,44.357973416941164,2%,S
S014,shares,"{""m"": 2.0}",0.6784931147775382,0.02806402527458605,1.770947423514416,-4687.172773756132,-6908.209783813275,20,10,0.444613111795875,m=2,S
S015,cash,"{""dividend_line"": ""cf_p00"", ""dps_delta"": 107.07610264777202, ""x_mn"": 4007.0009496000002}",8.873687771353492,-20.726179975220976,51.32432806237748,-950.1599026697259,-107.07610264777202,10,10,18.380231642244507,5%,S
S015,cash,"{""dividend_line"": ""cf_p00"", ""dps_delta"": 214.15220529554404, ""x_mn"": 8014.0018992000005}",-15.755250658749594,-32.121438619528746,13.03072549119228,3374.0216735552985,-214.15220529554404,10,10,11.518409211918629,10%,S
S015,cash,"{""dividend_line"": ""cf_p00"", ""dps_delta"": 42.8304410591088, ""x_mn"": 1602.80037984}",-63.313644729288676,-230.64489760158787,109.81095955185963,2711.751328815153,-42.8304410591088,10,10,86.85098396771619,2%,S
S015,non_operating,"{""asset_line"": ""bs_022"", ""equity_line"": ""bs_028"", ""x_mn"": 1602.80037984}",-19.90241163229883,-118.95550231941645,134.61601520898586,-852.4290683512963,42.8304410591088,10,10,64.68661161438834,2%,S
S015,non_operating,"{""asset_line"": ""bs_022"", ""equity_line"": ""bs_028"", ""x_mn"": 4007.0009496000002}",21.297082521826606,-73.67503679393462,106.72498838186772,2280.408594205177,107.07610264777202,10,10,46.020414585663865,5%,S
S015,non_operating,"{""asset_line"": ""bs_022"", ""equity_line"": ""bs_028"", ""x_mn"": 8014.0018992000005}",8.705434790522313,-21.73147605681168,44.088899238638675,1864.2880584469058,214.15220529554404,10,10,16.79091206516591,10%,S
S015,shares,"{""m"": 2.0}",1.4501957809438861,0.4515388532207765,2.913988288956496,-4150.191532082677,-2861.8146505580444,10,10,0.6281758764631937,m=2,S
S016,cash,"{""dividend_line"": ""cf_019"", ""dps_delta"": 168.1102504709021, ""x_mn"": 3454.7414649}",24.475956149817225,8.23133859756287,30.45693723672656,-4104.434208987366,-167.6924972354151,20,10,5.669795571215228,5%,S
S016,cash,"{""dividend_line"": ""cf_019"", ""dps_delta"": 336.2205009418042, ""x_mn"": 6909.4829298}",7.563203804429225,-2.3990063816295706,12.410757920604665,-2536.5850661302575,-335.3849944708302,20,10,3.7780010975087337,10%,S
S016,cash,"{""dividend_line"": ""cf_019"", ""dps_delta"": 67.24410018836083, ""x_mn"": 1381.89658596}",47.93848884246583,5.951220851972216,64.88669411865935,-3215.569963074071,-67.07699889416602,20,10,15.034559506807943,2%,S
S016,non_operating,"{""asset_line"": ""bs_p00"", ""equity_line"": ""bs_023"", ""x_mn"": 1381.89658596}",-57.86610075688115,-74.26274200248385,3.0457909412575024,-3881.4843764790166,67.07699889416602,20,10,19.721564526464633,2%,S
S016,non_operating,"{""asset_line"": ""bs_p00"", ""equity_line"": ""bs_023"", ""x_mn"": 3454.7414649}",-14.930153734257752,-25.04065733386184,1.851341967689039,-2503.6747638063403,167.6924972354151,20,10,6.860203903456857,5%,S
S016,non_operating,"{""asset_line"": ""bs_p00"", ""equity_line"": ""bs_023"", ""x_mn"": 6909.4829298}",-3.218105136303692,-12.171234257088612,10.664133332721484,-1079.304173345764,335.3849944708302,20,10,5.825348874951556,10%,S
S016,shares,"{""m"": 2.0}",1.6039276192974983,0.43663683491042327,2.101956210999279,-3652.807722468377,-2277.414316282093,20,10,0.4248263714512387,m=2,S
S017,cash,"{""dividend_line"": ""cf_p00"", ""dps_delta"": 10.079264797181672, ""x_mn"": 601.9614923}",5.890884768959154,-9.124349205958708,16.55117950498885,-59.374360847202965,-10.079022621536302,20,10,6.5498797732009075,2%,S
S017,cash,"{""dividend_line"": ""cf_p00"", ""dps_delta"": 25.19816199295418, ""x_mn"": 1504.9037307500002}",0.24021460179166462,-2.8314101861413135,3.1830372011400234,-6.052821013703806,-25.197556553840755,20,10,1.534297802877892,5%,S
S017,cash,"{""dividend_line"": ""cf_p00"", ""dps_delta"": 50.39632398590836, ""x_mn"": 3009.8074615000005}",1.2854560599813445,0.15413638402946664,3.228248261906609,-64.78070353771449,-50.39511310768151,20,10,0.7842122137441689,10%,S
S017,non_operating,"{""asset_line"": ""bs_018"", ""equity_line"": ""bs_023"", ""x_mn"": 1504.9037307500002}",3.8384453326166206,-1.7504041131559087,5.283096290883134,96.71944334743338,25.197556553840755,20,10,1.794260307152817,5%,S
S017,non_operating,"{""asset_line"": ""bs_018"", ""equity_line"": ""bs_023"", ""x_mn"": 3009.8074615000005}",2.0063780048427375,-0.4538213536897562,6.8247731260498,101.11164649081411,50.39511310768151,20,10,1.8567843060560094,10%,S
S017,non_operating,"{""asset_line"": ""bs_018"", ""equity_line"": ""bs_023"", ""x_mn"": 601.9614923}",9.205428656748241,-0.38458376229163593,11.444180429132553,92.78172367230405,10.079022621536302,20,10,3.017541885567395,2%,S
S017,shares,"{""m"": 2.0}",0.4560132092947415,0.19528533631157421,1.6453530454177754,-36.29464266330716,-79.59120903414077,20,10,0.3699152319148472,m=2,S
S019,cash,"{""dividend_line"": ""cf_p00"", ""dps_delta"": 18.947095263066483, ""x_mn"": 1155.586239}",1.6958971248005208,-7.583913653637004,13.400599826172899,-32.13232437995602,-18.947095263066483,20,10,5.35319221423722,2%,S
S019,non_operating,"{""asset_line"": ""bs_p00"", ""equity_line"": ""bs_023"", ""x_mn"": 1155.586239}",31.613844469480014,-1.176455719260384,37.445044027699474,598.9905227950053,18.947095263066483,20,10,9.852423404836697,2%,S
S019,non_operating,"{""asset_line"": ""bs_p00"", ""equity_line"": ""bs_023"", ""x_mn"": 2888.9655975000005}",11.164265227153379,4.676512558408581,12.730890083414529,528.8259920025391,47.36773815766621,20,10,2.05468814413417,5%,S
S019,non_operating,"{""asset_line"": ""bs_p00"", ""equity_line"": ""bs_023"", ""x_mn"": 5777.931195000001}",1.7369427016220478,-0.7467557096165963,3.232797334576022,164.550094170605,94.73547631533242,20,9,1.015192103110362,10%,S
S019,shares,"{""m"": 2.0}",2.36321761512776,0.6886066954129514,5.81614403183958,-160.21022148350391,-67.79325799619289,20,10,1.3080452388843442,m=2,S
S021,cash,"{""dividend_line"": ""cf_p00"", ""dps_delta"": 36.829023738915275, ""x_mn"": 1210.78232962}",-10.845237655622363,-58.504137931465586,36.61503826258406,399.41951507309386,-36.829023738915275,10,10,24.265095967869808,2%,S
S021,non_operating,"{""asset_line"": ""bs_p00"", ""equity_line"": ""bs_025"", ""x_mn"": 1210.78232962}",-55.7535670733559,-90.11522156907257,11.639463257242332,-2053.3494452738296,36.829023738915275,10,10,25.957827761815025,2%,S
S021,non_operating,"{""asset_line"": ""bs_p00"", ""equity_line"": ""bs_025"", ""x_mn"": 3026.95582405}",10.37194521170161,-0.14993660927336291,28.72381000672571,954.9715410512181,92.07255934728819,10,10,7.365751687754866,5%,S
S021,non_operating,"{""asset_line"": ""bs_p00"", ""equity_line"": ""bs_025"", ""x_mn"": 6053.9116481}",-1.9431480721249168,-5.4063640701124145,2.934177572333084,-357.8212323825801,184.14511869457638,10,10,2.1276891945014027,10%,S
S021,shares,"{""m"": 2.0}",0.9810426798643166,0.5426099839566076,1.3670756430249413,-2399.824150638531,-2446.197499756524,10,10,0.21032287221130963,m=2,S
S023,cash,"{""dividend_line"": ""cf_p00"", ""dps_delta"": 18.73192400982887, ""x_mn"": 306.4613762}",11.455637387388984,-3.2733846561412623,36.29472889928741,-214.58612902472498,-18.73192400982887,10,10,10.093906519242008,2%,S
S023,cash,"{""dividend_line"": ""cf_p00"", ""dps_delta"": 46.829810024572176, ""x_mn"": 766.1534405000001}",-1.6712285298329652,-8.77915283124444,9.841763334894242,78.26331455972282,-46.829810024572176,10,10,4.750233715851706,5%,S
S023,cash,"{""dividend_line"": ""cf_p00"", ""dps_delta"": 93.65962004914435, ""x_mn"": 1532.3068810000002}",3.0620170052911995,-16.399955238351822,11.712095090444533,-286.78734929959256,-93.65962004914435,10,10,7.171441410407234,10%,S
S023,non_operating,"{""asset_line"": ""bs_013"", ""equity_line"": ""bs_019"", ""x_mn"": 1532.3068810000002}",-4.575114004853483,-12.530711281377226,10.386686899031119,-428.5034393760964,93.65962004914435,10,10,5.846275046022537,10%,S
S023,non_operating,"{""asset_line"": ""bs_013"", ""equity_line"": ""bs_019"", ""x_mn"": 306.4613762}",-11.188402072826548,-24.05722533905943,6.882736735080505,-209.5802974195987,18.73192400982887,10,10,7.892847467892841,2%,S
S023,non_operating,"{""asset_line"": ""bs_013"", ""equity_line"": ""bs_019"", ""x_mn"": 766.1534405000001}",-8.865280680974369,-17.83802038739313,2.462853000420286,-415.1594101045395,46.829810024572176,10,10,5.178794231585055,5%,S
S023,shares,"{""m"": 2.0}",7.92054474642574,-4.106108550041654,17.578605118873245,-180.68079690092094,-22.81166292033837,10,10,5.531814711457883,m=2,S
S024,non_operating,"{""asset_line"": ""bs_p00"", ""equity_line"": ""bs_014"", ""x_mn"": 1852.06776785}",-2.0171109096462607,-14.2601079526513,7.848587009342334,-82.17789522306725,40.74039500261229,20,10,5.639973204590213,5%,S
S024,non_operating,"{""asset_line"": ""bs_p00"", ""equity_line"": ""bs_014"", ""x_mn"": 3704.1355357}",0.5320106089171694,-5.879604960588473,5.3173515886696086,43.348644705731544,81.48079000522458,20,10,2.85636646664747,10%,S
S024,non_operating,"{""asset_line"": ""bs_p00"", ""equity_line"": ""bs_014"", ""x_mn"": 740.8271071400001}",-4.836319279893934,-34.64305129592504,31.23682477543539,-78.81342312865132,16.296158001044915,20,10,16.80609083453072,2%,S
S024,shares,"{""m"": 2.0}",0.6296042254984103,0.1965072992378797,2.2297306654111786,-160.575070364736,-255.04128444757623,20,10,0.5186794301462497,m=2,S
S025,cash,"{""dividend_line"": ""cf_p00"", ""dps_delta"": 10.822936678261284, ""x_mn"": 885.17329258}",69.12628898862853,-81.29708623447151,160.9762924556757,-748.1494485271169,-10.822936678261284,20,10,61.80443333932326,2%,S
S025,cash,"{""dividend_line"": ""cf_p00"", ""dps_delta"": 27.057341695653218, ""x_mn"": 2212.93323145}",-6.891407443658728,-45.24007328589058,14.15528872700727,186.46316596704224,-27.057341695653218,20,10,15.151878064514758,5%,S
S025,cash,"{""dividend_line"": ""cf_p00"", ""dps_delta"": 54.114683391306436, ""x_mn"": 4425.8664629}",-8.799312438785893,-25.891493498496718,-0.17545332872490155,476.17200668608314,-54.114683391306436,20,10,6.560214329023423,10%,S
S025,non_operating,"{""asset_line"": ""bs_p00"", ""equity_line"": ""bs_018"", ""x_mn"": 2212.93323145}",13.621277104115663,-17.21032714679912,56.62215661784163,368.55554893723524,27.057341695653218,20,10,18.83481728689815,5%,S
S025,non_operating,"{""asset_line"": ""bs_p00"", ""equity_line"": ""bs_018"", ""x_mn"": 4425.8664629}",1.7369195040978094,-7.2560146197385755,19.223671858277807,93.99284904043793,54.114683391306436,20,10,6.755022060718465,10%,S
S025,non_operating,"{""asset_line"": ""bs_p00"", ""equity_line"": ""bs_018"", ""x_mn"": 885.17329258}",54.92616727733718,-106.3817655195133,140.28751454823652,594.4624304222073,10.822936678261284,20,10,62.925836751976995,2%,S
S025,shares,"{""m"": 2.0}",4.74814423823852,-2.978760919264713,8.047421040656442,-665.4703067722419,-140.153768163353,20,10,2.81280152038805,m=2,S
S027,cash,"{""dividend_line"": ""cf_p00"", ""dps_delta"": 14.025241093917066, ""x_mn"": 564.61542104}",-268.85567252050475,-302.44942333012966,-57.67703134161686,3770.7656265672927,-14.025241093917066,20,10,62.44193673176347,2%,S
S027,cash,"{""dividend_line"": ""cf_p00"", ""dps_delta"": 35.063102734792665, ""x_mn"": 1411.5385526}",-109.15818327763412,-132.89482864868947,-46.90442020467339,3827.424594607012,-35.063102734792665,20,10,21.93632868469798,5%,S
S027,cash,"{""dividend_line"": ""cf_p00"", ""dps_delta"": 70.12620546958533, ""x_mn"": 2823.0771052}",-12.850605971642182,-56.51103511366416,32.84307356744998,901.1642347760599,-70.12620546958533,20,10,22.794415479876054,10%,S
S027,non_operating,"{""asset_line"": ""bs_p00"", ""equity_line"": ""bs_019"", ""x_mn"": 1411.5385526}",15.469615278700193,-50.53727679715214,86.47792890245866,542.4127097847831,35.063102734792665,20,10,34.95285859683949,5%,S
S027,non_operating,"{""asset_line"": ""bs_p00"", ""equity_line"": ""bs_019"", ""x_mn"": 2823.0771052}",-0.16151197053665275,-31.157473027021087,42.431483436651455,-11.326221631650924,70.12620546958533,20,10,18.77269297542667,10%,S
S027,non_operating,"{""asset_line"": ""bs_p00"", ""equity_line"": ""bs_019"", ""x_mn"": 564.61542104}",-20.69569184101616,-181.92427553344547,4.406987134999689,-290.26206767566396,14.025241093917066,20,10,47.53348537460336,2%,S
S027,shares,"{""m"": 2.0}",0.6544782797433778,-1.5929258605908387,4.125969490851162,-413.2341406598322,-631.3947360053905,20,10,1.4589018753678573,m=2,S
S029,cash,"{""dividend_line"": ""cf_p00"", ""dps_delta"": 114.12274166456072, ""x_mn"": 3124.0806094}",-1.7661441641294262,-14.220460290750314,-0.08419015677453745,201.55721418531402,-114.12274166456072,20,10,3.606191360708106,5%,S
S029,cash,"{""dividend_line"": ""cf_p00"", ""dps_delta"": 228.24548332912144, ""x_mn"": 6248.1612188}",6.756439020489446,-4.365336423158203,10.514996617565899,-1542.1266898153494,-228.24548332912144,20,10,3.796003326715332,10%,S
S029,cash,"{""dividend_line"": ""cf_p00"", ""dps_delta"": 45.64909666582428, ""x_mn"": 1249.63224376}",-9.833747860748748,-68.89645313785836,-3.0941668113648824,448.9017066826623,-45.64909666582428,20,10,16.786297532268744,2%,S
S029,non_operating,"{""asset_line"": ""bs_019"", ""equity_line"": ""bs_026"", ""x_mn"": 1249.63224376}",9.159116842174313,-11.484289572696362,44.56143662562859,418.1054101019945,45.64909666582428,20,10,14.297379132225753,2%,S
S029,non_operating,"{""asset_line"": ""bs_019"", ""equity_line"": ""bs_026"", ""x_mn"": 3124.0806094}",4.94765949744313,1.6406469935408179,19.07530240367505,564.6404666709127,114.12274166456072,20,10,4.447616176054652,5%,S
S029,non_operating,"{""asset_line"": ""bs_019"", ""equity_line"": ""bs_026"", ""x_mn"": 6248.1612188}",1.367772071377738,-5.196421522666883,8.752042395416693,312.18779751568536,228.24548332912144,20,10,3.5582816117560143,10%,S
S029,shares,"{""m"": 2.0}",1.3284073701946153,0.12581029546775116,1.7111235655657087,-2328.167865046705,-1752.600834114329,20,10,0.40441665053519327,m=2,S
S030,cash,"{""dividend_line"": ""cf_p00"", ""dps_delta"": 19.244984403552596, ""x_mn"": 930.2195424500001}",-40.35327496414216,-101.00606155121956,43.151953146428006,776.083372198833,-19.232227691270637,20,10,36.775003749399886,5%,S
S030,cash,"{""dividend_line"": ""cf_p00"", ""dps_delta"": 38.48996880710519, ""x_mn"": 1860.4390849000001}",46.776196769021524,-39.49451142594305,78.25123810137019,-1799.2209335869998,-38.464455382541274,20,10,30.037181001865626,10%,S
S030,cash,"{""dividend_line"": ""cf_p00"", ""dps_delta"": 7.697993761421039, ""x_mn"": 372.08781698}",-74.33548704800513,-216.83643535683657,113.57703839456893,571.8548049794937,-7.692891076508255,20,10,84.28915146719528,2%,S
S030,non_operating,"{""asset_line"": ""bs_p00"", ""equity_line"": ""bs_026"", ""x_mn"": 1860.4390849000001}",-6.660426860389873,-74.21275693273496,39.751164060432046,-256.18969180014574,38.464455382541274,20,10,29.0724288247875,10%,S
S030,non_operating,"{""asset_line"": ""bs_p00"", ""equity_line"": ""bs_026"", ""x_mn"": 372.08781698}",111.75289845681432,-113.91215396234159,266.67453805247385,859.7028753123601,7.692891076508255,20,10,97.08844184051414,2%,S
S030,non_operating,"{""asset_line"": ""bs_p00"", ""equity_line"": ""bs_026"", ""x_mn"": 930.2195424500001}",-4.29510276077053,-68.36068987682363,78.48125796110995,-82.60439425254395,19.232227691270637,20,10,37.45968057090142,5%,S
S030,shares,"{""m"": 2.0}",-0.5632462541188136,-4.68836076481149,5.01442105161322,131.93240797469753,-234.2357485911786,20,10,2.4751994429654873,m=2,S
S033,cash,"{""dividend_line"": ""cf_p00"", ""dps_delta"": 12.750885501476066, ""x_mn"": 1119.8700318}",-104.42982358278145,-106.8418097052446,16.999865508446288,1331.5727234433914,-12.750885501476066,20,10,31.59226408512523,2%,S
S033,cash,"{""dividend_line"": ""cf_p00"", ""dps_delta"": 31.877213753690164, ""x_mn"": 2799.6750795000003}",-22.19136056403632,-24.082352454088205,20.013416943122955,707.3987441849961,-31.877213753690164,20,10,11.248920764594683,5%,S
S033,cash,"{""dividend_line"": ""cf_p00"", ""dps_delta"": 63.75442750738033, ""x_mn"": 5599.3501590000005}",-15.284683708958868,-18.487193765525944,5.849574226642319,974.4662594960553,-63.75442750738033,20,10,6.208359181675577,10%,S
S033,non_operating,"{""asset_line"": ""bs_015"", ""equity_line"": ""bs_022"", ""x_mn"": 1119.8700318}",85.73047997442077,-71.883803037679,111.143379808684,1093.1395341404261,12.750885501476066,20,10,46.69060786897016,2%,S
S033,non_operating,"{""asset_line"": ""bs_015"", ""equity_line"": ""bs_022"", ""x_mn"": 2799.6750795000003}",44.83072899696175,-1.841018297845255,46.12893622709058,1429.0787309699056,31.877213753690164,20,10,12.237233297177507,5%,S
S033,non_operating,"{""asset_line"": ""bs_015"", ""equity_line"": ""bs_022"", ""x_mn"": 5599.3501590000005}",0.005918114385619241,-20.902494957223553,19.24877885731926,0.37730599457834657,63.75442750738033,20,10,10.242671891465003,10%,S
S033,shares,"{""m"": 2.0}",-126.09533899979448,-146.44598041941117,155.33987411649247,613.7751372030717,-4.867548174830413,20,10,76.98618738160808,m=2,S
S034,cash,"{""dividend_line"": ""cf_013"", ""dps_delta"": 116.2345015852115, ""x_mn"": 4616.3504025}",2.4574071552131125,-1.3682081558363315,6.20609690332987,-270.905627097927,-110.24043228784095,10,10,1.932220678358725,10%,S
S034,cash,"{""dividend_line"": ""cf_013"", ""dps_delta"": 23.246900317042304, ""x_mn"": 923.2700805000001}",9.301887287181742,-12.125285262268145,16.6670421086355,-205.08881512633752,-22.048086457568193,10,10,7.344981472169296,2%,S
S034,cash,"{""dividend_line"": ""cf_013"", ""dps_delta"": 58.11725079260575, ""x_mn"": 2308.17520125}",-1.6837741191287867,-10.096970465222562,4.077289884909551,92.80999338391803,-55.12021614392047,10,10,3.615882742380641,5%,S
S034,non_operating,"{""asset_line"": ""bs_016"", ""equity_line"": ""bs_024"", ""x_mn"": 2308.17520125}",0.7005760436441809,-2.567589496246703,8.770759436716299,38.61590295091992,55.12021614392047,10,10,2.8924359522864798,5%,S
S034,non_operating,"{""asset_line"": ""bs_016"", ""equity_line"": ""bs_024"", ""x_mn"": 4616.3504025}",-0.4410984208467437,-5.168419439869996,3.4859678237066154,-48.62688059562902,110.24043228784095,10,10,2.207751852953217,10%,S
S034,non_operating,"{""asset_line"": ""bs_016"", ""equity_line"": ""bs_024"", ""x_mn"": 923.2700805000001}",1.8361282994201287,-5.377818550085985,23.51449666616206,40.48311549280265,22.048086457568193,10,10,7.37048857557348,2%,S
S034,shares,"{""m"": 2.0}",0.9609699208707874,0.001606221531586868,1.2319903102470808,-481.8021355427934,-501.37067256611545,10,10,0.3138734920192587,m=2,S
S036,cash,"{""dividend_line"": ""cf_p00"", ""dps_delta"": 222.61552456526258, ""x_mn"": 2366.5775567}",113.11196240565737,4.891963884253026,146.3615534642972,-25180.478845541675,-222.61552456526258,10,10,36.08918101531739,5%,S
S036,cash,"{""dividend_line"": ""cf_p00"", ""dps_delta"": 445.23104913052515, ""x_mn"": 4733.1551134}",53.67081383298924,0.7399674050149838,72.39993391004236,-23895.912750550902,-445.23104913052515,10,10,18.280603700262088,10%,S
S036,cash,"{""dividend_line"": ""cf_p00"", ""dps_delta"": 89.04620982610501, ""x_mn"": 946.63102268}",315.1532493811707,7.968852517250863,404.0819273989408,-28063.20237177453,-89.04620982610501,10,10,101.04925379634948,2%,S
S036,non_operating,"{""asset_line"": ""bs_p00"", ""equity_line"": ""bs_021"", ""x_mn"": 2366.5775567}",-108.34966261631261,-173.50501727972042,-3.265027577803973,-24120.316979799652,222.61552456526258,10,10,43.4285688015093,5%,S
S036,non_operating,"{""asset_line"": ""bs_p00"", ""equity_line"": ""bs_021"", ""x_mn"": 4733.1551134}",-76.724371810429,-94.0543653906621,-18.870033058070245,-34160.0725550378,445.23104913052515,10,10,19.179676615457105,10%,S
S036,non_operating,"{""asset_line"": ""bs_p00"", ""equity_line"": ""bs_021"", ""x_mn"": 946.63102268}",-274.07988416193604,-385.4145256276962,-13.569110161518049,-24405.774874198312,89.04620982610501,10,10,94.85852435361689,2%,S
S036,shares,"{""m"": 2.0}",1.6946686218314166,0.33305935190011293,2.1486049032350576,-28828.13496579989,-17011.074964405445,10,10,0.46314937534054706,m=2,S
S037,cash,"{""dividend_line"": ""cf_p00"", ""dps_delta"": 175.23518452695043, ""x_mn"": 2659.7338248}",2.8434898286172268,-0.31160691632355825,15.668177884395856,-498.2794648182464,-175.23518452695043,20,10,4.076475714469239,10%,S
S037,cash,"{""dividend_line"": ""cf_p00"", ""dps_delta"": 35.04703690539008, ""x_mn"": 531.94676496}",8.486871735831853,-5.955965208298734,21.879662305156337,-297.4397069370109,-35.04703690539008,20,10,7.1009253860854775,2%,S
S037,cash,"{""dividend_line"": ""cf_p00"", ""dps_delta"": 87.61759226347522, ""x_mn"": 1329.8669124}",1.7156905917582808,-4.339671784395625,4.446013684919253,-150.32467871895756,-87.61759226347522,20,10,2.241246293192571,5%,S
S037,non_operating,"{""asset_line"": ""bs_p00"", ""equity_line"": ""bs_015"", ""x_mn"": 1329.8669124}",-5.056826249982256,-16.1893147755555,0.6779840708157484,-443.06694051818374,87.61759226347522,20,10,4.3028823587681755,5%,S
S037,non_operating,"{""asset_line"": ""bs_p00"", ""equity_line"": ""bs_015"", ""x_mn"": 2659.7338248}",-2.2611898771407017,-5.277485668324562,0.7878925310529925,-396.2400253712233,175.23518452695043,20,10,1.5472903569840704,10%,S
S037,non_operating,"{""asset_line"": ""bs_p00"", ""equity_line"": ""bs_015"", ""x_mn"": 531.94676496}",-17.343634140651545,-20.680826071200308,-0.8186070843771942,-607.8429858009981,35.04703690539008,20,10,5.066892598679366,2%,S
S037,shares,"{""m"": 2.0}",1.453713930178431,0.5989934028678168,1.6606910788600995,-988.8382652149269,-680.2151679825723,20,10,0.27084124387558234,m=2,S
S039,cash,"{""dividend_line"": ""cf_p00"", ""dps_delta"": 169.9687551031741, ""x_mn"": 2277.3304445000003}",-15.647609958149458,-25.85737034591569,-6.682573788462605,2615.415785903393,-167.14474561281187,10,10,4.891529734044155,5%,S
S039,cash,"{""dividend_line"": ""cf_p00"", ""dps_delta"": 339.9375102063482, ""x_mn"": 4554.660889000001}",-8.332394735630603,-15.596533730201152,5.189730419352335,2785.4319968650198,-334.28949122562375,10,10,5.302618405498339,10%,S
S039,cash,"{""dividend_line"": ""cf_p00"", ""dps_delta"": 67.98750204126962, ""x_mn"": 910.9321778000001}",-59.07766556959314,-104.61273365690971,-15.80117057348639,3949.8085532113673,-66.85789824512474,10,10,22.656010990669216,2%,S
S039,non_operating,"{""asset_line"": ""bs_020"", ""equity_line"": ""bs_027"", ""x_mn"": 2277.3304445000003}",27.84213436206669,10.12906163479079,38.98108986359451,4653.666465265365,167.14474561281187,10,10,7.360211282858092,5%,S
S039,non_operating,"{""asset_line"": ""bs_020"", ""equity_line"": ""bs_027"", ""x_mn"": 4554.660889000001}",5.560103707274922,0.09453787510352589,12.280433420617797,1858.6842394666382,334.28949122562375,10,10,3.108646822835273,10%,S
S039,non_operating,"{""asset_line"": ""bs_020"", ""equity_line"": ""bs_027"", ""x_mn"": 910.9321778000001}",3.5807551285147388,-53.13938371814893,40.47057654121371,239.40176202294697,66.85789824512474,10,10,23.88009190289863,2%,S
S039,shares,"{""m"": 2.0}",0.6346792046454597,-0.04437767917512981,1.271975821302054,-1486.7293558756064,-2342.4894734121835,10,10,0.3358044644074449,m=2,S
S040,non_operating,"{""asset_line"": ""bs_011"", ""equity_line"": ""bs_018"", ""x_mn"": 11680.609644780001}",1.3779652959780715,-16.478362009447434,29.2623468541121,1247.0230363858573,904.9741963934787,20,10,11.668548179479473,2%,S
S040,non_operating,"{""asset_line"": ""bs_011"", ""equity_line"": ""bs_018"", ""x_mn"": 29201.524111950002}",1.483500981602542,-7.860252170635479,11.18409700927805,3356.325271686743,2262.4354909836966,20,10,4.8582523418146755,5%,S
S040,non_operating,"{""asset_line"": ""bs_011"", ""equity_line"": ""bs_018"", ""x_mn"": 58403.048223900005}",-1.1203569833771394,-4.14536839472365,4.5515456287832965,-5069.470803527744,4524.870981967393,20,10,2.2186005162007514,10%,S
S040,shares,"{""m"": 2.0}",0.9733082988298053,0.3017442919815274,1.3824551283300734,-35518.48590664711,-36492.53371141547,20,10,0.2756915398848332,m=2,S
S041,cash,"{""dividend_line"": ""cf_p00"", ""dps_delta"": 11.541370045734032, ""x_mn"": 491.86683086}",2.9708455138857666,-64.6383251376475,77.21106362302405,-34.28541186640223,-11.540624278896972,10,10,36.18606856139581,2%,S
S041,cash,"{""dividend_line"": ""cf_p00"", ""dps_delta"": 28.85342511433508, ""x_mn"": 1229.66707715}",11.145110377408857,-0.06282143171964329,36.20488447241793,-321.5538285312781,-28.85156069724243,10,10,9.251965791871829,5%,S
S041,cash,"{""dividend_line"": ""cf_p00"", ""dps_delta"": 57.70685022867016, ""x_mn"": 2459.3341543}",5.439973064710454,-0.15627861756455189,17.967206433657648,-313.90342613571516,-57.70312139448486,10,10,4.6233380232709695,10%,S
S041,non_operating,"{""asset_line"": ""bs_016"", ""equity_line"": ""bs_021"", ""x_mn"": 1229.66707715}",-5.789852033018347,-33.62936681633678,36.52148592777735,-167.04626735868132,28.85156069724243,10,10,17.895625700029115,5%,S
S041,non_operating,"{""asset_line"": ""bs_016"", ""equity_line"": ""bs_021"", ""x_mn"": 2459.3341543}",-0.5417631953207133,-16.750991535365607,13.397409763176809,-31.261427426655132,57.70312139448486,10,10,7.69091869860776,10%,S
S041,non_operating,"{""asset_line"": ""bs_016"", ""equity_line"": ""bs_021"", ""x_mn"": 491.86683086}",25.462713786292316,-64.1862425051794,104.5838143949874,293.85561292868977,11.540624278896972,10,10,43.0535859439201,2%,S
S041,shares,"{""m"": 2.0}",1.962982200345516,-0.024253310723321635,6.420137217007999,-318.7264508354012,-162.36848748771143,10,10,1.6439771754416634,m=2,S
S042,cash,"{""dividend_line"": ""cf_p00"", ""dps_delta"": 14.859793327998606, ""x_mn"": 758.0412848000001}",-0.12498719648634066,-16.390137268645663,0.010474330221660907,1.8572839084329757,-14.859793327998606,10,10,4.183829489506971,5%,S
S042,cash,"{""dividend_line"": ""cf_p00"", ""dps_delta"": 29.71958665599721, ""x_mn"": 1516.0825696000002}",0.004031203218353198,-2.2204784572794662,0.4139339224292156,-0.11980569337578273,-29.71958665599721,10,10,0.6720439744154801,10%,S
S042,cash,"{""dividend_line"": ""cf_p00"", ""dps_delta"": 5.943917331199442, ""x_mn"": 303.21651392}",-30.950220526572753,-106.29569795095534,-0.5809954197599403,183.9655521923405,-5.943917331199442,10,10,26.968036359998827,2%,S
S042,non_operating,"{""asset_line"": ""bs_p00"", ""equity_line"": ""bs_018"", ""x_mn"": 1516.0825696000002}",-1.5367044455153012,-5.47570194703111,0.03807785846913764,-45.67022093314814,29.71958665599721,10,10,1.4065764809949612,10%,S
S042,non_operating,"{""asset_line"": ""bs_p00"", ""equity_line"": ""bs_018"", ""x_mn"": 303.21651392}",-0.009446159517916143,-0.09287036042839049,11.122823462193486,-0.05614719127181633,5.943917331199442,10,10,2.8611463833219073,2%,S
S042,non_operating,"{""asset_line"": ""bs_p00"", ""equity_line"": ""bs_018"", ""x_mn"": 758.0412848000001}",0.16833088675931596,0.049801843127288,16.30172024506139,2.501362187962172,14.859793327998606,10,10,4.1458975515138015,5%,S
S042,shares,"{""m"": 2.0}",-64.21226759158212,-226.47317321089037,-1.8528209106812066,41.76865571150065,-0.6504778179952688,10,10,57.301110280665604,m=2,S
S044,cash,"{""dividend_line"": ""cf_p00"", ""dps_delta"": 207.54658252016043, ""x_mn"": 1720.2540001500001}",-7.397306590082361,-26.444306208333664,7.418102643288201,1535.2857026254553,-207.54658252016043,10,10,8.638369605005577,5%,S
S044,cash,"{""dividend_line"": ""cf_p00"", ""dps_delta"": 415.09316504032086, ""x_mn"": 3440.5080003000003}",5.63071142949341,-5.3891505286093,15.965733410503463,-2337.269828697129,-415.09316504032086,10,10,5.447674474263461,10%,S
S044,cash,"{""dividend_line"": ""cf_p00"", ""dps_delta"": 83.01863300806419, ""x_mn"": 688.1016000600001}",22.74795768194555,-32.87599862040211,60.550782392901084,-1888.504350480412,-83.01863300806419,10,10,23.83336250339367,2%,S
S044,non_operating,"{""asset_line"": ""bs_p00"", ""equity_line"": ""bs_024"", ""x_mn"": 1720.2540001500001}",-0.007213672234659952,-16.666100833473827,21.763896617098226,-1.4971730197242419,207.54658252016043,10,10,9.803570778207156,5%,S
S044,non_operating,"{""asset_line"": ""bs_p00"", ""equity_line"": ""bs_024"", ""x_mn"": 3440.5080003000003}",0.0033702647170352393,-7.234733860071705,10.882704772276545,1.3989738484178789,415.09316504032086,10,10,4.621795569476594,10%,S
S044,non_operating,"{""asset_line"": ""bs_p00"", ""equity_line"": ""bs_024"", ""x_mn"": 688.1016000600001}",0.010718700269183493,-36.94882114494122,54.40733316660025,0.8898518439707832,83.01863300806419,10,10,23.30514140600548,2%,S
S044,shares,"{""m"": 2.0}",53.97500875301805,-1490.0438453693578,814.1397698215196,-153.73805724597423,-2.8483192647444984,10,10,587.8019426507341,m=2,S
S045,cash,"{""dividend_line"": ""cf_p00"", ""dps_delta"": 132.39614888341453, ""x_mn"": 3200.3384947}",3.5014813030020973,-4.233103315744249,5.038039674400762,-463.58263990475797,-132.39614888341453,20,10,2.365087497485973,10%,S
S045,cash,"{""dividend_line"": ""cf_p00"", ""dps_delta"": 26.479229776682907, ""x_mn"": 640.06769894}",17.50876322125276,-6.669721735855819,26.748710524296936,-463.6185644410866,-26.479229776682907,20,10,8.525110270447131,2%,S
S045,cash,"{""dividend_line"": ""cf_p00"", ""dps_delta"": 66.19807444170726, ""x_mn"": 1600.16924735}",7.787556580657673,4.530607418187885,13.505378558287747,-515.521250245384,-66.19807444170726,20,10,2.2894824336989443,5%,S
S045,non_operating,"{""asset_line"": ""bs_p00"", ""equity_line"": ""bs_021"", ""x_mn"": 1600.16924735}",-1.2160779572223093,-8.318400904807453,8.288393851946106,-80.50201913912173,66.19807444170726,20,10,4.236427233865704,5%,S
S045,non_operating,"{""asset_line"": ""bs_p00"", ""equity_line"": ""bs_021"", ""x_mn"": 3200.3384947}",6.5569788833687,2.1291404923061825,10.517087512673788,868.1187524678875,132.39614888341453,20,10,2.1397824031550012,10%,S
S045,non_operating,"{""asset_line"": ""bs_p00"", ""equity_line"": ""bs_021"", ""x_mn"": 640.06769894}",-20.411235627546514,-31.214693244835757,-13.275186043886952,-540.4737982078207,26.479229776682907,20,10,4.5764048982012255,2%,S
S045,shares,"{""m"": 2.0}",2.0333797436890215,0.9226884531273903,3.087216862001815,-360.6305274748635,-177.3552277158994,20,10,0.5521756145087818,m=2,S
S046,cash,"{""dividend_line"": ""cf_p00"", ""dps_delta"": 105.4006552727567, ""x_mn"": 6890.5105005000005}",-0.21225116986582063,-2.4646531552845707,2.181299844716129,22.371412386266684,-105.4006552727567,10,10,1.1851920918369134,5%,S
S046,cash,"{""dividend_line"": ""cf_p00"", ""dps_delta"": 210.8013105455134, ""x_mn"": 13781.021001000001}",0.362473439314402,-1.109695046305468,1.591532045285084,-76.40987604541556,-210.8013105455134,10,10,0.6890885437731001,10%,S
S046,cash,"{""dividend_line"": ""cf_p00"", ""dps_delta"": 42.16026210910268, ""x_mn"": 2756.2042002000003}",-0.04264752797438476,-6.803001592663569,6.947586223182565,1.7980309577053504,-42.16026210910268,10,10,3.507803014246463,2%,S
S046,non_operating,"{""asset_line"": ""bs_p00"", ""equity_line"": ""bs_020"", ""x_mn"": 13781.021001000001}",1.1530494969140381,0.4506071671955065,2.080589533905881,243.06434507332415,210.8013105455134,10,10,0.4158118282424425,10%,S
S046,non_operating,"{""asset_line"": ""bs_p00"", ""equity_line"": ""bs_020"", ""x_mn"": 2756.2042002000003}",6.158759753168216,3.821503580239417,11.48758769159506,259.6549254605645,42.16026210910268,10,10,1.9556337018764394,2%,S
S046,non_operating,"{""asset_line"": ""bs_p00"", ""equity_line"": ""bs_020"", ""x_mn"": 6890.5105005000005}",2.136514130848158,-0.14782525604944965,6.82114072992117,225.1899893909001,105.4006552727567,10,10,1.7777974454006684,5%,S
S046,shares,"{""m"": 2.0}",0.9533056236640952,0.7249614208040643,1.143706038211828,-738.8727808571766,-775.063906596154,10,10,0.10682260648157238,m=2,S
S050,cash,"{""dividend_line"": ""cf_p00"", ""dps_delta"": 160.55016120415857, ""x_mn"": 3820.98530475}",-4.589428533378403,-8.579482932713963,12.758144490082708,736.8334908688676,-160.55016120415857,20,10,5.443272301733845,5%,S
S050,cash,"{""dividend_line"": ""cf_p00"", ""dps_delta"": 321.10032240831714, ""x_mn"": 7641.9706095}",-1.3927051795590537,-3.472085239781203,6.078413820914884,447.19808217614536,-321.10032240831714,20,10,2.4363518011979814,10%,S
S050,cash,"{""dividend_line"": ""cf_p00"", ""dps_delta"": 64.22006448166343, ""x_mn"": 1528.3941219}",-14.220772854879385,-38.74170756542446,48.74817854815626,913.2589497194431,-64.22006448166343,20,10,22.31884849836243,2%,S
S050,non_operating,"{""asset_line"": ""bs_p00"", ""equity_line"": ""bs_023"", ""x_mn"": 1528.3941219}",-27.683235684561012,-66.14065621890552,2.077304614752678,-1777.8191807235942,64.22006448166343,20,10,17.402541028994438,2%,S
S050,non_operating,"{""asset_line"": ""bs_p00"", ""equity_line"": ""bs_023"", ""x_mn"": 3820.98530475}",3.16144639555473,-13.447806603103613,8.550112425793431,507.570728444618,160.55016120415857,20,10,5.61171403798394,5%,S
S050,non_operating,"{""asset_line"": ""bs_p00"", ""equity_line"": ""bs_023"", ""x_mn"": 7641.9706095}",2.2088233004858293,-5.4718787954833,3.761435154920456,709.253873929003,321.10032240831714,20,10,2.355437232245856,10%,S
S050,shares,"{""m"": 2.0}",0.8475081301470335,0.38902803694743077,2.4304583835263864,-1265.8638922714506,-1493.6303821083543,20,10,0.5207730475966724,m=2,S
